"","X.1","X","geocode","date","time","suspects","refuses","confirmado","deads","local","cases","comments","broadcast","deaths","codigo","nome"
"1",1,1,23,2020-01-30,"16:00",1,0,0,0,"0",0,"0","0",0,"CE","Ceará"
"2",2,2,31,2020-01-30,"16:00",1,0,0,0,"0",0,"0","0",0,"MG","Minas Gerais"
"3",3,3,33,2020-01-30,"16:00",1,0,0,0,"0",0,"0","0",0,"RJ","Rio de Janeiro"
"4",4,4,35,2020-01-30,"16:00",3,1,0,0,"0",0,"0","0",0,"SP","São Paulo"
"5",5,5,41,2020-01-30,"16:00",1,1,0,0,"0",0,"0","0",0,"PR","Paraná"
"6",6,6,42,2020-01-30,"16:00",0,2,0,0,"0",0,"0","0",0,"SC","Santa Catarina"
"7",7,7,43,2020-01-30,"16:00",2,2,0,0,"0",0,"0","0",0,"RS","Rio Grande do Sul"
"8",8,8,23,2020-01-31,"12:00",1,0,0,0,"0",0,"0","0",0,"CE","Ceará"
"9",9,9,31,2020-01-31,"12:00",1,0,0,0,"0",0,"0","0",0,"MG","Minas Gerais"
"10",10,10,33,2020-01-31,"12:00",0,1,0,0,"0",0,"0","0",0,"RJ","Rio de Janeiro"
"11",11,11,35,2020-01-31,"12:00",7,2,0,0,"0",0,"0","0",0,"SP","São Paulo"
"12",12,12,41,2020-01-31,"12:00",1,1,0,0,"0",0,"0","0",0,"PR","Paraná"
"13",13,13,42,2020-01-31,"12:00",1,2,0,0,"0",0,"0","0",0,"SC","Santa Catarina"
"14",14,14,43,2020-01-31,"12:00",2,3,0,0,"0",0,"0","0",0,"RS","Rio Grande do Sul"
"15",15,15,23,2020-02-01,"12:00",1,0,0,0,"0",0,"0","0",0,"CE","Ceará"
"16",16,16,31,2020-02-01,"12:00",0,1,0,0,"0",0,"0","0",0,"MG","Minas Gerais"
"17",17,17,33,2020-02-01,"12:00",0,1,0,0,"0",0,"0","0",0,"RJ","Rio de Janeiro"
"18",18,18,35,2020-02-01,"12:00",8,2,0,0,"0",0,"0","0",0,"SP","São Paulo"
"19",19,19,41,2020-02-01,"12:00",1,1,0,0,"0",0,"0","0",0,"PR","Paraná"
"20",20,20,42,2020-02-01,"12:00",2,2,0,0,"0",0,"0","0",0,"SC","Santa Catarina"
"21",21,21,43,2020-02-01,"12:00",4,3,0,0,"0",0,"0","0",0,"RS","Rio Grande do Sul"
"22",22,22,23,2020-02-02,"12:00",1,0,0,0,"0",0,"0","0",0,"CE","Ceará"
"23",23,23,31,2020-02-02,"12:00",0,1,0,0,"0",0,"0","0",0,"MG","Minas Gerais"
"24",24,24,33,2020-02-02,"12:00",0,1,0,0,"0",0,"0","0",0,"RJ","Rio de Janeiro"
"25",25,25,35,2020-02-02,"12:00",8,2,0,0,"0",0,"0","0",0,"SP","São Paulo"
"26",26,26,41,2020-02-02,"12:00",1,1,0,0,"0",0,"0","0",0,"PR","Paraná"
"27",27,27,42,2020-02-02,"12:00",2,2,0,0,"0",0,"0","0",0,"SC","Santa Catarina"
"28",28,28,43,2020-02-02,"12:00",4,3,0,0,"0",0,"0","0",0,"RS","Rio Grande do Sul"
"29",29,29,23,2020-02-03,"16:00",0,1,0,0,"0",0,"0","0",0,"CE","Ceará"
"30",30,30,31,2020-02-03,"16:00",0,1,0,0,"0",0,"0","0",0,"MG","Minas Gerais"
"31",31,31,33,2020-02-03,"16:00",1,1,0,0,"0",0,"0","0",0,"RJ","Rio de Janeiro"
"32",32,32,35,2020-02-03,"16:00",7,3,0,0,"0",0,"0","0",0,"SP","São Paulo"
"33",33,33,41,2020-02-03,"16:00",0,2,0,0,"0",0,"0","0",0,"PR","Paraná"
"34",34,34,42,2020-02-03,"16:00",2,2,0,0,"0",0,"0","0",0,"SC","Santa Catarina"
"35",35,35,43,2020-02-03,"16:00",4,3,0,0,"0",0,"0","0",0,"RS","Rio Grande do Sul"
"36",36,36,23,2020-02-04,"15:00",0,1,0,0,"0",0,"0","0",0,"CE","Ceará"
"37",37,37,31,2020-02-04,"15:00",0,1,0,0,"0",0,"0","0",0,"MG","Minas Gerais"
"38",38,38,33,2020-02-04,"15:00",1,2,0,0,"0",0,"0","0",0,"RJ","Rio de Janeiro"
"39",39,39,35,2020-02-04,"15:00",6,5,0,0,"0",0,"0","0",0,"SP","São Paulo"
"40",40,40,41,2020-02-04,"15:00",0,2,0,0,"0",0,"0","0",0,"PR","Paraná"
"41",41,41,42,2020-02-04,"15:00",2,2,0,0,"0",0,"0","0",0,"SC","Santa Catarina"
"42",42,42,43,2020-02-04,"15:00",4,3,0,0,"0",0,"0","0",0,"RS","Rio Grande do Sul"
"43",43,43,23,2020-02-05,"12:00",0,1,0,0,"0",0,"0","0",0,"CE","Ceará"
"44",44,44,31,2020-02-05,"12:00",0,1,0,0,"0",0,"0","0",0,"MG","Minas Gerais"
"45",45,45,33,2020-02-05,"12:00",1,2,0,0,"0",0,"0","0",0,"RJ","Rio de Janeiro"
"46",46,46,35,2020-02-05,"12:00",4,9,0,0,"0",0,"0","0",0,"SP","São Paulo"
"47",47,47,41,2020-02-05,"12:00",0,2,0,0,"0",0,"0","0",0,"PR","Paraná"
"48",48,48,42,2020-02-05,"12:00",1,3,0,0,"0",0,"0","0",0,"SC","Santa Catarina"
"49",49,49,43,2020-02-05,"12:00",5,3,0,0,"0",0,"0","0",0,"RS","Rio Grande do Sul"
"50",50,50,23,2020-02-06,"15:30",0,1,0,0,"0",0,"0","0",0,"CE","Ceará"
"51",51,51,23,2020-02-06,"15:30",0,1,0,0,"0",0,"0","0",0,"CE","Ceará"
"52",52,52,31,2020-02-06,"15:30",1,1,0,0,"0",0,"0","0",0,"MG","Minas Gerais"
"53",53,53,31,2020-02-06,"15:30",1,1,0,0,"0",0,"0","0",0,"MG","Minas Gerais"
"54",54,54,33,2020-02-06,"15:30",1,2,0,0,"0",0,"0","0",0,"RJ","Rio de Janeiro"
"55",55,55,33,2020-02-06,"15:30",1,2,0,0,"0",0,"0","0",0,"RJ","Rio de Janeiro"
"56",56,56,35,2020-02-06,"15:30",3,10,0,0,"0",0,"0","0",0,"SP","São Paulo"
"57",57,57,35,2020-02-06,"15:30",3,10,0,0,"0",0,"0","0",0,"SP","São Paulo"
"58",58,58,41,2020-02-06,"15:30",0,2,0,0,"0",0,"0","0",0,"PR","Paraná"
"59",59,59,41,2020-02-06,"15:30",0,2,0,0,"0",0,"0","0",0,"PR","Paraná"
"60",60,60,42,2020-02-06,"15:30",1,3,0,0,"0",0,"0","0",0,"SC","Santa Catarina"
"61",61,61,42,2020-02-06,"15:30",1,3,0,0,"0",0,"0","0",0,"SC","Santa Catarina"
"62",62,62,43,2020-02-06,"15:30",3,5,0,0,"0",0,"0","0",0,"RS","Rio Grande do Sul"
"63",63,63,43,2020-02-06,"15:30",3,5,0,0,"0",0,"0","0",0,"RS","Rio Grande do Sul"
"64",64,64,23,2020-02-07,"15:30",0,1,0,0,"0",0,"0","0",0,"CE","Ceará"
"65",65,65,31,2020-02-07,"15:30",1,1,0,0,"0",0,"0","0",0,"MG","Minas Gerais"
"66",66,66,33,2020-02-07,"15:30",1,2,0,0,"0",0,"0","0",0,"RJ","Rio de Janeiro"
"67",67,67,35,2020-02-07,"15:30",3,11,0,0,"0",0,"0","0",0,"SP","São Paulo"
"68",68,68,41,2020-02-07,"15:30",0,2,0,0,"0",0,"0","0",0,"PR","Paraná"
"69",69,69,42,2020-02-07,"15:30",1,3,0,0,"0",0,"0","0",0,"SC","Santa Catarina"
"70",70,70,43,2020-02-07,"15:30",2,6,0,0,"0",0,"0","0",0,"RS","Rio Grande do Sul"
"71",71,71,23,2020-02-08,"13:30",0,1,0,0,"0",0,"0","0",0,"CE","Ceará"
"72",72,72,31,2020-02-08,"13:30",1,1,0,0,"0",0,"0","0",0,"MG","Minas Gerais"
"73",73,73,33,2020-02-08,"13:30",1,2,0,0,"0",0,"0","0",0,"RJ","Rio de Janeiro"
"74",74,74,35,2020-02-08,"13:30",2,13,0,0,"0",0,"0","0",0,"SP","São Paulo"
"75",75,75,41,2020-02-08,"13:30",0,2,0,0,"0",0,"0","0",0,"PR","Paraná"
"76",76,76,42,2020-02-08,"13:30",1,3,0,0,"0",0,"0","0",0,"SC","Santa Catarina"
"77",77,77,43,2020-02-08,"13:30",3,6,0,0,"0",0,"0","0",0,"RS","Rio Grande do Sul"
"78",78,78,23,2020-02-09,"13:30",0,1,0,0,"0",0,"0","0",0,"CE","Ceará"
"79",79,79,31,2020-02-09,"13:30",1,1,0,0,"0",0,"0","0",0,"MG","Minas Gerais"
"80",80,80,33,2020-02-09,"13:30",2,2,0,0,"0",0,"0","0",0,"RJ","Rio de Janeiro"
"81",81,81,35,2020-02-09,"13:30",3,13,0,0,"0",0,"0","0",0,"SP","São Paulo"
"82",82,82,41,2020-02-09,"13:30",1,2,0,0,"0",0,"0","0",0,"PR","Paraná"
"83",83,83,42,2020-02-09,"13:30",1,3,0,0,"0",0,"0","0",0,"SC","Santa Catarina"
"84",84,84,43,2020-02-09,"13:30",3,6,0,0,"0",0,"0","0",0,"RS","Rio Grande do Sul"
"85",85,85,23,2020-02-10,"15:30",0,1,0,0,"0",0,"0","0",0,"CE","Ceará"
"86",86,86,31,2020-02-10,"15:30",1,1,0,0,"0",0,"0","0",0,"MG","Minas Gerais"
"87",87,87,33,2020-02-10,"15:30",1,3,0,0,"0",0,"0","0",0,"RJ","Rio de Janeiro"
"88",88,88,35,2020-02-10,"15:30",3,13,0,0,"0",0,"0","0",0,"SP","São Paulo"
"89",89,89,41,2020-02-10,"15:30",1,2,0,0,"0",0,"0","0",0,"PR","Paraná"
"90",90,90,42,2020-02-10,"15:30",0,4,0,0,"0",0,"0","0",0,"SC","Santa Catarina"
"91",91,91,43,2020-02-10,"15:30",1,8,0,0,"0",0,"0","0",0,"RS","Rio Grande do Sul"
"92",92,92,23,2020-02-11,"16:00",0,1,0,0,"0",0,"0","0",0,"CE","Ceará"
"93",93,93,31,2020-02-11,"16:00",1,1,0,0,"0",0,"0","0",0,"MG","Minas Gerais"
"94",94,94,33,2020-02-11,"16:00",2,3,0,0,"0",0,"0","0",0,"RJ","Rio de Janeiro"
"95",95,95,35,2020-02-11,"16:00",3,14,0,0,"0",0,"0","0",0,"SP","São Paulo"
"96",96,96,41,2020-02-11,"16:00",1,2,0,0,"0",0,"0","0",0,"PR","Paraná"
"97",97,97,42,2020-02-11,"16:00",0,4,0,0,"0",0,"0","0",0,"SC","Santa Catarina"
"98",98,98,43,2020-02-11,"16:00",1,8,0,0,"0",0,"0","0",0,"RS","Rio Grande do Sul"
"99",99,99,23,2020-02-12,"16:00",0,1,0,0,"0",0,"0","0",0,"CE","Ceará"
"100",100,100,31,2020-02-12,"16:00",1,1,0,0,"0",0,"0","0",0,"MG","Minas Gerais"
"101",101,101,33,2020-02-12,"16:00",2,3,0,0,"0",0,"0","0",0,"RJ","Rio de Janeiro"
"102",102,102,35,2020-02-12,"16:00",6,14,0,0,"0",0,"0","0",0,"SP","São Paulo"
"103",103,103,41,2020-02-12,"16:00",1,2,0,0,"0",0,"0","0",0,"PR","Paraná"
"104",104,104,42,2020-02-12,"16:00",0,4,0,0,"0",0,"0","0",0,"SC","Santa Catarina"
"105",105,105,43,2020-02-12,"16:00",1,8,0,0,"0",0,"0","0",0,"RS","Rio Grande do Sul"
"106",106,106,23,2020-02-13,"16:00",0,1,0,0,"0",0,"0","0",0,"CE","Ceará"
"107",107,107,31,2020-02-13,"16:00",0,2,0,0,"0",0,"0","0",0,"MG","Minas Gerais"
"108",108,108,33,2020-02-13,"16:00",0,5,0,0,"0",0,"0","0",0,"RJ","Rio de Janeiro"
"109",109,109,35,2020-02-13,"16:00",3,17,0,0,"0",0,"0","0",0,"SP","São Paulo"
"110",110,110,41,2020-02-13,"16:00",1,2,0,0,"0",0,"0","0",0,"PR","Paraná"
"111",111,111,42,2020-02-13,"16:00",0,4,0,0,"0",0,"0","0",0,"SC","Santa Catarina"
"112",112,112,43,2020-02-13,"16:00",2,8,0,0,"0",0,"0","0",0,"RS","Rio Grande do Sul"
"113",113,113,53,2020-02-13,"16:00",0,1,0,0,"0",0,"0","0",0,"DF","Distrito Federal"
"114",114,114,23,2020-02-14,"16:00",0,1,0,0,"0",0,"0","0",0,"CE","Ceará"
"115",115,115,31,2020-02-14,"16:00",0,2,0,0,"0",0,"0","0",0,"MG","Minas Gerais"
"116",116,116,33,2020-02-14,"16:00",0,5,0,0,"0",0,"0","0",0,"RJ","Rio de Janeiro"
"117",117,117,35,2020-02-14,"16:00",1,20,0,0,"0",0,"0","0",0,"SP","São Paulo"
"118",118,118,41,2020-02-14,"16:00",1,2,0,0,"0",0,"0","0",0,"PR","Paraná"
"119",119,119,42,2020-02-14,"16:00",0,4,0,0,"0",0,"0","0",0,"SC","Santa Catarina"
"120",120,120,43,2020-02-14,"16:00",2,8,0,0,"0",0,"0","0",0,"RS","Rio Grande do Sul"
"121",121,121,53,2020-02-14,"16:00",0,1,0,0,"0",0,"0","0",0,"DF","Distrito Federal"
"122",122,122,23,2020-02-15,"14:00",0,1,0,0,"0",0,"0","0",0,"CE","Ceará"
"123",123,123,31,2020-02-15,"14:00",0,2,0,0,"0",0,"0","0",0,"MG","Minas Gerais"
"124",124,124,33,2020-02-15,"14:00",0,5,0,0,"0",0,"0","0",0,"RJ","Rio de Janeiro"
"125",125,125,35,2020-02-15,"14:00",2,20,0,0,"0",0,"0","0",0,"SP","São Paulo"
"126",126,126,41,2020-02-15,"14:00",0,3,0,0,"0",0,"0","0",0,"PR","Paraná"
"127",127,127,42,2020-02-15,"14:00",0,4,0,0,"0",0,"0","0",0,"SC","Santa Catarina"
"128",128,128,43,2020-02-15,"14:00",1,9,0,0,"0",0,"0","0",0,"RS","Rio Grande do Sul"
"129",129,129,53,2020-02-15,"14:00",0,1,0,0,"0",0,"0","0",0,"DF","Distrito Federal"
"130",130,130,23,2020-02-16,"12:00",0,1,0,0,"0",0,"0","0",0,"CE","Ceará"
"131",131,131,31,2020-02-16,"12:00",0,2,0,0,"0",0,"0","0",0,"MG","Minas Gerais"
"132",132,132,33,2020-02-16,"12:00",0,5,0,0,"0",0,"0","0",0,"RJ","Rio de Janeiro"
"133",133,133,35,2020-02-16,"12:00",2,20,0,0,"0",0,"0","0",0,"SP","São Paulo"
"134",134,134,41,2020-02-16,"12:00",0,3,0,0,"0",0,"0","0",0,"PR","Paraná"
"135",135,135,42,2020-02-16,"12:00",0,4,0,0,"0",0,"0","0",0,"SC","Santa Catarina"
"136",136,136,43,2020-02-16,"12:00",1,9,0,0,"0",0,"0","0",0,"RS","Rio Grande do Sul"
"137",137,137,53,2020-02-16,"12:00",0,1,0,0,"0",0,"0","0",0,"DF","Distrito Federal"
"138",138,138,23,2020-02-17,"15:50",0,1,0,0,"0",0,"0","0",0,"CE","Ceará"
"139",139,139,31,2020-02-17,"15:50",0,2,0,0,"0",0,"0","0",0,"MG","Minas Gerais"
"140",140,140,33,2020-02-17,"15:50",0,5,0,0,"0",0,"0","0",0,"RJ","Rio de Janeiro"
"141",141,141,35,2020-02-17,"15:50",2,20,0,0,"0",0,"0","0",0,"SP","São Paulo"
"142",142,142,41,2020-02-17,"15:50",0,3,0,0,"0",0,"0","0",0,"PR","Paraná"
"143",143,143,42,2020-02-17,"15:50",0,4,0,0,"0",0,"0","0",0,"SC","Santa Catarina"
"144",144,144,43,2020-02-17,"15:50",1,9,0,0,"0",0,"0","0",0,"RS","Rio Grande do Sul"
"145",145,145,53,2020-02-17,"15:50",0,1,0,0,"0",0,"0","0",0,"DF","Distrito Federal"
"146",146,146,23,2020-02-18,"15:50",0,1,0,0,"0",0,"0","0",0,"CE","Ceará"
"147",147,147,31,2020-02-18,"15:50",0,2,0,0,"0",0,"0","0",0,"MG","Minas Gerais"
"148",148,148,33,2020-02-18,"15:50",0,5,0,0,"0",0,"0","0",0,"RJ","Rio de Janeiro"
"149",149,149,35,2020-02-18,"15:50",4,20,0,0,"0",0,"0","0",0,"SP","São Paulo"
"150",150,150,41,2020-02-18,"15:50",0,3,0,0,"0",0,"0","0",0,"PR","Paraná"
"151",151,151,42,2020-02-18,"15:50",0,4,0,0,"0",0,"0","0",0,"SC","Santa Catarina"
"152",152,152,43,2020-02-18,"15:50",1,9,0,0,"0",0,"0","0",0,"RS","Rio Grande do Sul"
"153",153,153,53,2020-02-18,"15:50",0,1,0,0,"FALSE",0,"0","0",0,"DF","Distrito Federal"
"154",154,154,23,2020-02-19,"15:50",0,1,0,0,"0",0,"0","0",0,"CE","Ceará"
"155",155,155,31,2020-02-19,"15:50",0,2,0,0,"0",0,"0","0",0,"MG","Minas Gerais"
"156",156,156,33,2020-02-19,"15:50",0,5,0,0,"0",0,"0","0",0,"RJ","Rio de Janeiro"
"157",157,157,35,2020-02-19,"15:50",1,23,0,0,"0",0,"0","0",0,"SP","São Paulo"
"158",158,158,41,2020-02-19,"15:50",0,3,0,0,"0",0,"0","0",0,"PR","Paraná"
"159",159,159,42,2020-02-19,"15:50",0,4,0,0,"0",0,"0","0",0,"SC","Santa Catarina"
"160",160,160,43,2020-02-19,"15:50",1,9,0,0,"0",0,"0","0",0,"RS","Rio Grande do Sul"
"161",161,161,53,2020-02-19,"15:50",0,1,0,0,"0",0,"0","0",0,"DF","Distrito Federal"
"162",162,162,23,2020-02-20,"15:50",0,1,0,0,"0",0,"0","0",0,"CE","Ceará"
"163",163,163,31,2020-02-20,"15:50",0,2,0,0,"0",0,"0","0",0,"MG","Minas Gerais"
"164",164,164,33,2020-02-20,"15:50",0,5,0,0,"0",0,"0","0",0,"RJ","Rio de Janeiro"
"165",165,165,35,2020-02-20,"15:50",1,24,0,0,"0",0,"0","0",0,"SP","São Paulo"
"166",166,166,41,2020-02-20,"15:50",0,3,0,0,"0",0,"0","0",0,"PR","Paraná"
"167",167,167,42,2020-02-20,"15:50",0,4,0,0,"0",0,"0","0",0,"SC","Santa Catarina"
"168",168,168,43,2020-02-20,"15:50",0,10,0,0,"0",0,"0","0",0,"RS","Rio Grande do Sul"
"169",169,169,53,2020-02-20,"15:50",0,1,0,0,"0",0,"0","0",0,"DF","Distrito Federal"
"170",170,170,23,2020-02-21,"14:30",0,1,0,0,"0",0,"0","0",0,"CE","Ceará"
"171",171,171,31,2020-02-21,"14:30",0,2,0,0,"0",0,"0","0",0,"MG","Minas Gerais"
"172",172,172,33,2020-02-21,"14:30",1,5,0,0,"0",0,"0","0",0,"RJ","Rio de Janeiro"
"173",173,173,35,2020-02-21,"14:30",0,25,0,0,"0",0,"0","0",0,"SP","São Paulo"
"174",174,174,41,2020-02-21,"14:30",0,3,0,0,"0",0,"0","0",0,"PR","Paraná"
"175",175,175,42,2020-02-21,"14:30",0,4,0,0,"0",0,"0","0",0,"SC","Santa Catarina"
"176",176,176,43,2020-02-21,"14:30",0,10,0,0,"0",0,"0","0",0,"RS","Rio Grande do Sul"
"177",177,177,53,2020-02-21,"14:30",0,1,0,0,"0",0,"0","0",0,"DF","Distrito Federal"
"178",178,178,23,2020-02-22,"13:40",0,1,0,0,"0",0,"0","0",0,"CE","Ceará"
"179",179,179,31,2020-02-22,"13:40",0,2,0,0,"0",0,"0","0",0,"MG","Minas Gerais"
"180",180,180,33,2020-02-22,"13:40",1,6,0,0,"0",0,"0","0",0,"RJ","Rio de Janeiro"
"181",181,181,35,2020-02-22,"13:40",0,25,0,0,"0",0,"0","0",0,"SP","São Paulo"
"182",182,182,41,2020-02-22,"13:40",0,3,0,0,"0",0,"0","0",0,"PR","Paraná"
"183",183,183,42,2020-02-22,"13:40",0,4,0,0,"0",0,"0","0",0,"SC","Santa Catarina"
"184",184,184,43,2020-02-22,"13:40",0,10,0,0,"0",0,"0","0",0,"RS","Rio Grande do Sul"
"185",185,185,53,2020-02-22,"13:40",0,1,0,0,"0",0,"0","0",0,"DF","Distrito Federal"
"186",186,186,23,2020-02-23,"12:30",0,1,0,0,"0",0,"0","0",0,"CE","Ceará"
"187",187,187,31,2020-02-23,"12:30",0,2,0,0,"0",0,"0","0",0,"MG","Minas Gerais"
"188",188,188,33,2020-02-23,"12:30",1,7,0,0,"0",0,"0","0",0,"RJ","Rio de Janeiro"
"189",189,189,35,2020-02-23,"12:30",1,25,0,0,"0",0,"0","0",0,"SP","São Paulo"
"190",190,190,41,2020-02-23,"12:30",0,3,0,0,"0",0,"0","0",0,"PR","Paraná"
"191",191,191,42,2020-02-23,"12:30",0,4,0,0,"0",0,"0","0",0,"SC","Santa Catarina"
"192",192,192,43,2020-02-23,"12:30",0,10,0,0,"0",0,"0","0",0,"RS","Rio Grande do Sul"
"193",193,193,53,2020-02-23,"12:30",0,1,0,0,"0",0,"0","0",0,"DF","Distrito Federal"
"194",194,194,23,2020-02-24,"12:25",0,1,0,0,"0",0,"0","0",0,"CE","Ceará"
"195",195,195,31,2020-02-24,"12:25",0,2,0,0,"0",0,"0","0",0,"MG","Minas Gerais"
"196",196,196,33,2020-02-24,"12:25",1,7,0,0,"0",0,"0","0",0,"RJ","Rio de Janeiro"
"197",197,197,35,2020-02-24,"12:25",3,26,0,0,"0",0,"0","0",0,"SP","São Paulo"
"198",198,198,41,2020-02-24,"12:25",0,3,0,0,"0",0,"0","0",0,"PR","Paraná"
"199",199,199,42,2020-02-24,"12:25",0,4,0,0,"0",0,"0","0",0,"SC","Santa Catarina"
"200",200,200,43,2020-02-24,"12:25",0,10,0,0,"0",0,"0","0",0,"RS","Rio Grande do Sul"
"201",201,201,53,2020-02-24,"12:25",0,1,0,0,"0",0,"0","0",0,"DF","Distrito Federal"
"202",202,202,23,2020-02-25,"13:50",0,1,0,0,"0",0,"0","0",0,"CE","Ceará"
"203",203,203,23,2020-02-25,"13:50",0,1,0,0,"0",0,"0","0",0,"CE","Ceará"
"204",204,204,31,2020-02-25,"13:50",0,2,0,0,"0",0,"0","0",0,"MG","Minas Gerais"
"205",205,205,31,2020-02-25,"13:50",0,2,0,0,"0",0,"0","0",0,"MG","Minas Gerais"
"206",206,206,33,2020-02-25,"13:50",0,8,0,0,"0",0,"0","0",0,"RJ","Rio de Janeiro"
"207",207,207,33,2020-02-25,"13:50",0,8,0,0,"0",0,"0","0",0,"RJ","Rio de Janeiro"
"208",208,208,35,2020-02-25,"13:50",4,26,0,0,"0",0,"0","0",0,"SP","São Paulo"
"209",209,209,35,2020-02-25,"13:50",4,26,0,0,"0",0,"0","0",0,"SP","São Paulo"
"210",210,210,41,2020-02-25,"13:50",0,3,0,0,"0",0,"0","0",0,"PR","Paraná"
"211",211,211,41,2020-02-25,"13:50",0,3,0,0,"0",0,"0","0",0,"PR","Paraná"
"212",212,212,42,2020-02-25,"13:50",0,4,0,0,"0",0,"0","0",0,"SC","Santa Catarina"
"213",213,213,42,2020-02-25,"13:50",0,4,0,0,"0",0,"0","0",0,"SC","Santa Catarina"
"214",214,214,43,2020-02-25,"13:50",0,10,0,0,"0",0,"0","0",0,"RS","Rio Grande do Sul"
"215",215,215,43,2020-02-25,"13:50",0,10,0,0,"0",0,"0","0",0,"RS","Rio Grande do Sul"
"216",216,216,53,2020-02-25,"13:50",0,1,0,0,"0",0,"0","0",0,"DF","Distrito Federal"
"217",217,217,53,2020-02-25,"13:50",0,1,0,0,"0",0,"0","0",0,"DF","Distrito Federal"
"218",218,218,23,2020-02-26,"11:30",0,1,0,0,"0",0,"0","0",0,"CE","Ceará"
"219",219,219,25,2020-02-26,"11:30",1,0,0,0,"0",0,"0","0",0,"PB","Paraíba"
"220",220,220,26,2020-02-26,"11:30",1,0,0,0,"0",0,"0","0",0,"PE","Pernambuco"
"221",221,221,29,2020-02-26,"11:30",0,2,0,0,"0",0,"0","0",0,"BA","Bahia"
"222",222,222,31,2020-02-26,"11:30",2,2,0,0,"0",0,"0","0",0,"MG","Minas Gerais"
"223",223,223,32,2020-02-26,"11:30",1,0,0,0,"0",0,"0","0",0,"ES","Espírito Santo"
"224",224,224,33,2020-02-26,"11:30",2,8,0,0,"0",0,"0","0",0,"RJ","Rio de Janeiro"
"225",225,225,35,2020-02-26,"11:30",11,28,0,0,"0",1,"0","0",0,"SP","São Paulo"
"226",226,226,41,2020-02-26,"11:30",0,3,0,0,"0",0,"0","0",0,"PR","Paraná"
"227",227,227,42,2020-02-26,"11:30",2,4,0,0,"0",0,"0","0",0,"SC","Santa Catarina"
"228",228,228,43,2020-02-26,"11:30",0,10,0,0,"0",0,"0","0",0,"RS","Rio Grande do Sul"
"229",229,229,53,2020-02-26,"11:30",0,1,0,0,"0",0,"0","0",0,"DF","Distrito Federal"
"230",230,230,23,2020-02-27,"17:00",5,1,0,0,"0",0,"0","0",0,"CE","Ceará"
"231",231,231,24,2020-02-27,"17:00",4,0,0,0,"0",0,"0","0",0,"RN","Rio Grande do Norte"
"232",232,232,25,2020-02-27,"17:00",1,0,0,0,"0",0,"0","0",0,"PB","Paraíba"
"233",233,233,26,2020-02-27,"17:00",3,0,0,0,"0",0,"0","0",0,"PE","Pernambuco"
"234",234,234,27,2020-02-27,"17:00",1,0,0,0,"0",0,"0","0",0,"AL","Alagoas"
"235",235,235,29,2020-02-27,"17:00",1,2,0,0,"0",0,"0","0",0,"BA","Bahia"
"236",236,236,31,2020-02-27,"17:00",5,3,0,0,"0",0,"0","0",0,"MG","Minas Gerais"
"237",237,237,32,2020-02-27,"17:00",1,0,0,0,"0",0,"0","0",0,"ES","Espírito Santo"
"238",238,238,33,2020-02-27,"17:00",9,8,0,0,"0",0,"0","0",0,"RJ","Rio de Janeiro"
"239",239,239,35,2020-02-27,"17:00",55,28,0,0,"0",1,"0","0",0,"SP","São Paulo"
"240",240,240,41,2020-02-27,"17:00",5,3,0,0,"0",0,"0","0",0,"PR","Paraná"
"241",241,241,42,2020-02-27,"17:00",8,4,0,0,"0",0,"0","0",0,"SC","Santa Catarina"
"242",242,242,43,2020-02-27,"17:00",24,10,0,0,"0",0,"0","0",0,"RS","Rio Grande do Sul"
"243",243,243,50,2020-02-27,"17:00",2,0,0,0,"0",0,"0","0",0,"MS","Mato Grosso do Sul"
"244",244,244,52,2020-02-27,"17:00",3,0,0,0,"0",0,"0","0",0,"GO","Goiás"
"245",245,245,53,2020-02-27,"17:00",5,1,0,0,"0",0,"0","0",0,"DF","Distrito Federal"
"246",246,246,23,2020-02-28,"16:10",6,2,0,0,"0",0,"0","0",0,"CE","Ceará"
"247",247,247,24,2020-02-28,"16:10",3,2,0,0,"0",0,"0","0",0,"RN","Rio Grande do Norte"
"248",248,248,25,2020-02-28,"16:10",1,1,0,0,"0",0,"0","0",0,"PB","Paraíba"
"249",249,249,26,2020-02-28,"16:10",5,2,0,0,"0",0,"0","0",0,"PE","Pernambuco"
"250",250,250,27,2020-02-28,"16:10",1,0,0,0,"0",0,"0","0",0,"AL","Alagoas"
"251",251,251,29,2020-02-28,"16:10",9,4,0,0,"0",0,"0","0",0,"BA","Bahia"
"252",252,252,31,2020-02-28,"16:10",17,3,0,0,"0",0,"0","0",0,"MG","Minas Gerais"
"253",253,253,32,2020-02-28,"16:10",2,1,0,0,"0",0,"0","0",0,"ES","Espírito Santo"
"254",254,254,33,2020-02-28,"16:10",19,8,0,0,"0",0,"0","0",0,"RJ","Rio de Janeiro"
"255",255,255,35,2020-02-28,"16:10",66,30,0,0,"0",1,"0","0",0,"SP","São Paulo"
"256",256,256,41,2020-02-28,"16:10",5,3,0,0,"0",0,"0","0",0,"PR","Paraná"
"257",257,257,42,2020-02-28,"16:10",9,4,0,0,"0",0,"0","0",0,"SC","Santa Catarina"
"258",258,258,43,2020-02-28,"16:10",27,10,0,0,"0",0,"0","0",0,"RS","Rio Grande do Sul"
"259",259,259,50,2020-02-28,"16:10",2,0,0,0,"0",0,"0","0",0,"MS","Mato Grosso do Sul"
"260",260,260,52,2020-02-28,"16:10",5,0,0,0,"0",0,"0","0",0,"GO","Goiás"
"261",261,261,53,2020-02-28,"16:10",5,1,0,0,"0",0,"0","0",0,"DF","Distrito Federal"
"262",262,262,23,2020-02-29,"19:05",6,2,0,0,"0",0,"0","0",0,"CE","Ceará"
"263",263,263,24,2020-02-29,"19:05",3,2,0,0,"0",0,"0","0",0,"RN","Rio Grande do Norte"
"264",264,264,25,2020-02-29,"19:05",1,1,0,0,"0",0,"0","0",0,"PB","Paraíba"
"265",265,265,26,2020-02-29,"19:05",5,2,0,0,"0",0,"0","0",0,"PE","Pernambuco"
"266",266,266,27,2020-02-29,"19:05",1,0,0,0,"0",0,"0","0",0,"AL","Alagoas"
"267",267,267,29,2020-02-29,"19:05",9,4,0,0,"0",0,"0","0",0,"BA","Bahia"
"268",268,268,31,2020-02-29,"19:05",17,3,0,0,"0",0,"0","0",0,"MG","Minas Gerais"
"269",269,269,32,2020-02-29,"19:05",2,1,0,0,"0",0,"0","0",0,"ES","Espírito Santo"
"270",270,270,33,2020-02-29,"19:05",19,8,0,0,"0",0,"0","0",0,"RJ","Rio de Janeiro"
"271",271,271,35,2020-02-29,"19:05",91,38,0,0,"0",2,"0","0",0,"SP","São Paulo"
"272",272,272,41,2020-02-29,"19:05",5,3,0,0,"0",0,"0","0",0,"PR","Paraná"
"273",273,273,42,2020-02-29,"19:05",9,4,0,0,"0",0,"0","0",0,"SC","Santa Catarina"
"274",274,274,43,2020-02-29,"19:05",27,10,0,0,"0",0,"0","0",0,"RS","Rio Grande do Sul"
"275",275,275,50,2020-02-29,"19:05",2,0,0,0,"0",0,"0","0",0,"MS","Mato Grosso do Sul"
"276",276,276,52,2020-02-29,"19:05",5,0,0,0,"0",0,"0","0",0,"GO","Goiás"
"277",277,277,53,2020-02-29,"19:05",5,1,0,0,"0",0,"0","0",0,"DF","Distrito Federal"
"278",278,278,23,2020-03-01,"15:05",6,2,0,0,"0",0,"0","0",0,"CE","Ceará"
"279",279,279,24,2020-03-01,"15:05",3,2,0,0,"0",0,"0","0",0,"RN","Rio Grande do Norte"
"280",280,280,25,2020-03-01,"15:05",1,1,0,0,"0",0,"0","0",0,"PB","Paraíba"
"281",281,281,26,2020-03-01,"15:05",5,2,0,0,"0",0,"0","0",0,"PE","Pernambuco"
"282",282,282,27,2020-03-01,"15:05",1,0,0,0,"0",0,"0","0",0,"AL","Alagoas"
"283",283,283,29,2020-03-01,"15:05",9,4,0,0,"0",0,"0","0",0,"BA","Bahia"
"284",284,284,31,2020-03-01,"15:05",17,3,0,0,"0",0,"0","0",0,"MG","Minas Gerais"
"285",285,285,32,2020-03-01,"15:05",2,1,0,0,"0",0,"0","0",0,"ES","Espírito Santo"
"286",286,286,33,2020-03-01,"15:05",19,8,0,0,"0",0,"0","0",0,"RJ","Rio de Janeiro"
"287",287,287,35,2020-03-01,"15:05",136,48,0,0,"0",2,"0","0",0,"SP","São Paulo"
"288",288,288,41,2020-03-01,"15:05",5,3,0,0,"0",0,"0","0",0,"PR","Paraná"
"289",289,289,42,2020-03-01,"15:05",9,4,0,0,"0",0,"0","0",0,"SC","Santa Catarina"
"290",290,290,43,2020-03-01,"15:05",27,10,0,0,"0",0,"0","0",0,"RS","Rio Grande do Sul"
"291",291,291,50,2020-03-01,"15:05",2,0,0,0,"0",0,"0","0",0,"MS","Mato Grosso do Sul"
"292",292,292,52,2020-03-01,"15:05",5,0,0,0,"0",0,"0","0",0,"GO","Goiás"
"293",293,293,53,2020-03-01,"15:05",5,1,0,0,"0",0,"0","0",0,"DF","Distrito Federal"
"294",294,294,11,2020-03-02,"16:30",1,0,0,0,"0",0,"0","0",0,"RO","Rondônia"
"295",295,295,13,2020-03-02,"16:30",1,1,0,0,"0",0,"0","0",0,"AM","Amazonas"
"296",296,296,15,2020-03-02,"16:30",2,2,0,0,"0",0,"0","0",0,"PA","Pará"
"297",297,297,21,2020-03-02,"16:30",1,1,0,0,"0",0,"0","0",0,"MA","Maranhão"
"298",298,298,22,2020-03-02,"16:30",1,2,0,0,"0",0,"0","0",0,"PI","Piauí"
"299",299,299,23,2020-03-02,"16:30",6,6,0,0,"0",0,"0","0",0,"CE","Ceará"
"300",300,300,24,2020-03-02,"16:30",2,6,0,0,"0",0,"0","0",0,"RN","Rio Grande do Norte"
"301",301,301,25,2020-03-02,"16:30",2,1,0,0,"0",0,"0","0",0,"PB","Paraíba"
"302",302,302,26,2020-03-02,"16:30",4,10,0,0,"0",0,"0","0",0,"PE","Pernambuco"
"303",303,303,27,2020-03-02,"16:30",3,1,0,0,"0",0,"0","0",0,"AL","Alagoas"
"304",304,304,28,2020-03-02,"16:30",1,0,0,0,"0",0,"0","0",0,"SE","Sergipe"
"305",305,305,29,2020-03-02,"16:30",9,14,0,0,"0",0,"0","0",0,"BA","Bahia"
"306",306,306,31,2020-03-02,"16:30",48,4,0,0,"0",0,"0","0",0,"MG","Minas Gerais"
"307",307,307,32,2020-03-02,"16:30",5,6,0,0,"0",0,"0","0",0,"ES","Espírito Santo"
"308",308,308,33,2020-03-02,"16:30",42,27,0,0,"0",0,"0","0",0,"RJ","Rio de Janeiro"
"309",309,309,35,2020-03-02,"16:30",163,48,0,0,"0",2,"0","0",0,"SP","São Paulo"
"310",310,310,41,2020-03-02,"16:30",7,8,0,0,"0",0,"0","0",0,"PR","Paraná"
"311",311,311,42,2020-03-02,"16:30",36,4,0,0,"0",0,"0","0",0,"SC","Santa Catarina"
"312",312,312,43,2020-03-02,"16:30",73,10,0,0,"0",0,"0","0",0,"RS","Rio Grande do Sul"
"313",313,313,50,2020-03-02,"16:30",6,1,0,0,"0",0,"0","0",0,"MS","Mato Grosso do Sul"
"314",314,314,51,2020-03-02,"16:30",5,0,0,0,"0",0,"0","0",0,"MT","Mato Grosso"
"315",315,315,52,2020-03-02,"16:30",3,7,0,0,"0",0,"0","0",0,"GO","Goiás"
"316",316,316,53,2020-03-02,"16:30",12,3,0,0,"0",0,"0","0",0,"DF","Distrito Federal"
"317",317,317,11,2020-03-03,"15:50",1,0,0,0,"0",0,"0","0",0,"RO","Rondônia"
"318",318,318,13,2020-03-03,"15:50",3,1,0,0,"0",0,"0","0",0,"AM","Amazonas"
"319",319,319,15,2020-03-03,"15:50",1,4,0,0,"0",0,"0","0",0,"PA","Pará"
"320",320,320,21,2020-03-03,"15:50",1,1,0,0,"0",0,"0","0",0,"MA","Maranhão"
"321",321,321,22,2020-03-03,"15:50",1,2,0,0,"0",0,"0","0",0,"PI","Piauí"
"322",322,322,23,2020-03-03,"15:50",19,9,0,0,"0",0,"0","0",0,"CE","Ceará"
"323",323,323,24,2020-03-03,"15:50",2,6,0,0,"0",0,"0","0",0,"RN","Rio Grande do Norte"
"324",324,324,25,2020-03-03,"15:50",4,1,0,0,"0",0,"0","0",0,"PB","Paraíba"
"325",325,325,26,2020-03-03,"15:50",4,11,0,0,"0",0,"0","0",0,"PE","Pernambuco"
"326",326,326,27,2020-03-03,"15:50",5,1,0,0,"0",0,"0","0",0,"AL","Alagoas"
"327",327,327,28,2020-03-03,"15:50",1,0,0,0,"0",0,"0","0",0,"SE","Sergipe"
"328",328,328,29,2020-03-03,"15:50",21,16,0,0,"0",0,"0","0",0,"BA","Bahia"
"329",329,329,31,2020-03-03,"15:50",58,6,0,0,"0",0,"0","0",0,"MG","Minas Gerais"
"330",330,330,32,2020-03-03,"15:50",5,6,0,0,"0",0,"0","0",0,"ES","Espírito Santo"
"331",331,331,33,2020-03-03,"15:50",62,29,0,0,"0",0,"0","0",0,"RJ","Rio de Janeiro"
"332",332,332,35,2020-03-03,"15:50",130,104,0,0,"0",2,"0","0",0,"SP","São Paulo"
"333",333,333,41,2020-03-03,"15:50",14,8,0,0,"0",0,"0","0",0,"PR","Paraná"
"334",334,334,42,2020-03-03,"15:50",43,4,0,0,"0",0,"0","0",0,"SC","Santa Catarina"
"335",335,335,43,2020-03-03,"15:50",82,20,0,0,"0",0,"0","0",0,"RS","Rio Grande do Sul"
"336",336,336,50,2020-03-03,"15:50",6,1,0,0,"0",0,"0","0",0,"MS","Mato Grosso do Sul"
"337",337,337,51,2020-03-03,"15:50",6,0,0,0,"0",0,"0","0",0,"MT","Mato Grosso"
"338",338,338,52,2020-03-03,"15:50",7,7,0,0,"0",0,"0","0",0,"GO","Goiás"
"339",339,339,53,2020-03-03,"15:50",12,3,0,0,"0",0,"0","0",0,"DF","Distrito Federal"
"340",340,340,11,2020-03-04,"17:15",1,0,0,0,"0",0,"0","0",0,"RO","Rondônia"
"341",341,341,13,2020-03-04,"17:15",4,1,0,0,"0",0,"0","0",0,"AM","Amazonas"
"342",342,342,15,2020-03-04,"17:15",1,4,0,0,"0",0,"0","0",0,"PA","Pará"
"343",343,343,21,2020-03-04,"17:15",0,2,0,0,"0",0,"0","0",0,"MA","Maranhão"
"344",344,344,22,2020-03-04,"17:15",1,2,0,0,"0",0,"0","0",0,"PI","Piauí"
"345",345,345,23,2020-03-04,"17:15",14,18,0,0,"0",0,"0","0",0,"CE","Ceará"
"346",346,346,24,2020-03-04,"17:15",5,6,0,0,"0",0,"0","0",0,"RN","Rio Grande do Norte"
"347",347,347,25,2020-03-04,"17:15",4,1,0,0,"0",0,"0","0",0,"PB","Paraíba"
"348",348,348,26,2020-03-04,"17:15",6,11,0,0,"0",0,"0","0",0,"PE","Pernambuco"
"349",349,349,27,2020-03-04,"17:15",5,1,0,0,"0",0,"0","0",0,"AL","Alagoas"
"350",350,350,28,2020-03-04,"17:15",1,0,0,0,"0",0,"0","0",0,"SE","Sergipe"
"351",351,351,29,2020-03-04,"17:15",19,21,0,0,"0",0,"0","0",0,"BA","Bahia"
"352",352,352,31,2020-03-04,"17:15",82,6,0,0,"0",0,"0","0",0,"MG","Minas Gerais"
"353",353,353,32,2020-03-04,"17:15",5,7,0,0,"0",0,"0","0",0,"ES","Espírito Santo"
"354",354,354,33,2020-03-04,"17:15",55,52,0,0,"0",0,"0","0",0,"RJ","Rio de Janeiro"
"355",355,355,35,2020-03-04,"17:15",135,131,0,0,"0",3,"0","0",0,"SP","São Paulo"
"356",356,356,41,2020-03-04,"17:15",13,8,0,0,"0",0,"0","0",0,"PR","Paraná"
"357",357,357,42,2020-03-04,"17:15",46,4,0,0,"0",0,"0","0",0,"SC","Santa Catarina"
"358",358,358,43,2020-03-04,"17:15",98,20,0,0,"0",0,"0","0",0,"RS","Rio Grande do Sul"
"359",359,359,50,2020-03-04,"17:15",10,3,0,0,"0",0,"0","0",0,"MS","Mato Grosso do Sul"
"360",360,360,51,2020-03-04,"17:15",6,0,0,0,"0",0,"0","0",0,"MT","Mato Grosso"
"361",361,361,52,2020-03-04,"17:15",1,12,0,0,"0",0,"0","0",0,"GO","Goiás"
"362",362,362,53,2020-03-04,"17:15",18,5,0,0,"0",0,"0","0",0,"DF","Distrito Federal"
"363",363,363,11,2020-03-05,"16:00",1,0,0,0,"0",0,"0","0",0,"RO","Rondônia"
"364",364,364,13,2020-03-05,"16:00",5,1,0,0,"0",0,"0","0",0,"AM","Amazonas"
"365",365,365,15,2020-03-05,"16:00",1,5,0,0,"0",0,"0","0",0,"PA","Pará"
"366",366,366,21,2020-03-05,"16:00",0,2,0,0,"0",0,"0","0",0,"MA","Maranhão"
"367",367,367,22,2020-03-05,"16:00",1,2,0,0,"0",0,"0","0",0,"PI","Piauí"
"368",368,368,23,2020-03-05,"16:00",16,18,0,0,"0",0,"0","0",0,"CE","Ceará"
"369",369,369,24,2020-03-05,"16:00",4,8,0,0,"0",0,"0","0",0,"RN","Rio Grande do Norte"
"370",370,370,25,2020-03-05,"16:00",4,1,0,0,"0",0,"0","0",0,"PB","Paraíba"
"371",371,371,26,2020-03-05,"16:00",8,12,0,0,"0",0,"0","0",0,"PE","Pernambuco"
"372",372,372,27,2020-03-05,"16:00",6,1,0,0,"0",0,"0","0",0,"AL","Alagoas"
"373",373,373,28,2020-03-05,"16:00",2,0,0,0,"0",0,"0","0",0,"SE","Sergipe"
"374",374,374,29,2020-03-05,"16:00",23,29,0,0,"0",0,"0","0",0,"BA","Bahia"
"375",375,375,31,2020-03-05,"16:00",80,12,0,0,"0",0,"0","0",0,"MG","Minas Gerais"
"376",376,376,32,2020-03-05,"16:00",5,8,0,0,"0",0,"0","0",0,"ES","Espírito Santo"
"377",377,377,33,2020-03-05,"16:00",79,58,0,0,"0",1,"0","0",0,"RJ","Rio de Janeiro"
"378",378,378,35,2020-03-05,"16:00",182,159,0,0,"0",6,"1 Portador assintomático","0",0,"SP","São Paulo"
"379",379,379,41,2020-03-05,"16:00",20,9,0,0,"0",0,"0","0",0,"PR","Paraná"
"380",380,380,42,2020-03-05,"16:00",54,4,0,0,"0",0,"0","0",0,"SC","Santa Catarina"
"381",381,381,43,2020-03-05,"16:00",104,25,0,0,"0",0,"0","0",0,"RS","Rio Grande do Sul"
"382",382,382,50,2020-03-05,"16:00",11,3,0,0,"0",0,"0","0",0,"MS","Mato Grosso do Sul"
"383",383,383,51,2020-03-05,"16:00",6,0,0,0,"0",0,"0","0",0,"MT","Mato Grosso"
"384",384,384,52,2020-03-05,"16:00",4,12,0,0,"0",0,"0","0",0,"GO","Goiás"
"385",385,385,53,2020-03-05,"16:00",20,9,0,0,"0",0,"0","0",0,"DF","Distrito Federal"
"386",386,386,11,2020-03-06,"16:00",1,0,0,0,"0",0,"0","0",0,"RO","Rondônia"
"387",387,387,13,2020-03-06,"16:00",2,4,0,0,"0",0,"0","0",0,"AM","Amazonas"
"388",388,388,15,2020-03-06,"16:00",4,5,0,0,"0",0,"0","0",0,"PA","Pará"
"389",389,389,21,2020-03-06,"16:00",0,2,0,0,"0",0,"0","0",0,"MA","Maranhão"
"390",390,390,22,2020-03-06,"16:00",1,2,0,0,"0",0,"0","0",0,"PI","Piauí"
"391",391,391,23,2020-03-06,"16:00",12,24,0,0,"0",0,"0","0",0,"CE","Ceará"
"392",392,392,24,2020-03-06,"16:00",7,8,0,0,"0",0,"0","0",0,"RN","Rio Grande do Norte"
"393",393,393,25,2020-03-06,"16:00",3,3,0,0,"0",0,"0","0",0,"PB","Paraíba"
"394",394,394,26,2020-03-06,"16:00",6,14,0,0,"0",0,"0","0",0,"PE","Pernambuco"
"395",395,395,27,2020-03-06,"16:00",7,1,0,0,"0",0,"0","0",0,"AL","Alagoas"
"396",396,396,28,2020-03-06,"16:00",3,1,0,0,"0",0,"0","0",0,"SE","Sergipe"
"397",397,397,29,2020-03-06,"16:00",15,32,0,0,"0",1,"0","0",0,"BA","Bahia"
"398",398,398,31,2020-03-06,"16:00",123,17,0,0,"0",0,"0","0",0,"MG","Minas Gerais"
"399",399,399,32,2020-03-06,"16:00",1,12,0,0,"0",1,"0","0",0,"ES","Espírito Santo"
"400",400,400,33,2020-03-06,"16:00",111,67,0,0,"0",1,"0","0",0,"RJ","Rio de Janeiro"
"401",401,401,35,2020-03-06,"16:00",222,189,0,0,"0",10,"1 Portador assintomático","0",0,"SP","São Paulo"
"402",402,402,41,2020-03-06,"16:00",25,13,0,0,"0",0,"0","0",0,"PR","Paraná"
"403",403,403,42,2020-03-06,"16:00",59,10,0,0,"0",0,"0","0",0,"SC","Santa Catarina"
"404",404,404,43,2020-03-06,"16:00",112,41,0,0,"0",0,"0","0",0,"RS","Rio Grande do Sul"
"405",405,405,50,2020-03-06,"16:00",8,9,0,0,"0",0,"0","0",0,"MS","Mato Grosso do Sul"
"406",406,406,51,2020-03-06,"16:00",6,1,0,0,"0",0,"0","0",0,"MT","Mato Grosso"
"407",407,407,52,2020-03-06,"16:00",4,12,0,0,"0",0,"0","0",0,"GO","Goiás"
"408",408,408,53,2020-03-06,"16:00",36,13,0,0,"0",0,"0","0",0,"DF","Distrito Federal"
"409",409,409,11,2020-03-07,"18:35",1,0,0,0,"0",0,"0","0",0,"RO","Rondônia"
"410",410,410,13,2020-03-07,"18:35",2,4,0,0,"0",0,"0","0",0,"AM","Amazonas"
"411",411,411,15,2020-03-07,"18:35",4,5,0,0,"0",0,"0","0",0,"PA","Pará"
"412",412,412,21,2020-03-07,"18:35",0,2,0,0,"0",0,"0","0",0,"MA","Maranhão"
"413",413,413,22,2020-03-07,"18:35",1,2,0,0,"0",0,"0","0",0,"PI","Piauí"
"414",414,414,23,2020-03-07,"18:35",13,24,0,0,"0",0,"0","0",0,"CE","Ceará"
"415",415,415,24,2020-03-07,"18:35",4,11,0,0,"0",0,"0","0",0,"RN","Rio Grande do Norte"
"416",416,416,25,2020-03-07,"18:35",3,3,0,0,"0",0,"0","0",0,"PB","Paraíba"
"417",417,417,26,2020-03-07,"18:35",6,14,0,0,"0",0,"0","0",0,"PE","Pernambuco"
"418",418,418,27,2020-03-07,"18:35",7,1,0,0,"0",0,"0","0",0,"AL","Alagoas"
"419",419,419,28,2020-03-07,"18:35",1,1,0,0,"0",0,"0","0",0,"SE","Sergipe"
"420",420,420,29,2020-03-07,"18:35",15,32,0,0,"0",2,"0","0",0,"BA","Bahia"
"421",421,421,31,2020-03-07,"18:35",123,17,0,0,"0",0,"0","0",0,"MG","Minas Gerais"
"422",422,422,32,2020-03-07,"18:35",1,12,0,0,"0",1,"0","0",0,"ES","Espírito Santo"
"423",423,423,33,2020-03-07,"18:35",111,67,0,0,"0",2,"0","0",0,"RJ","Rio de Janeiro"
"424",424,424,35,2020-03-07,"18:35",184,246,0,0,"0",13,"1 Portador assintomático","0",0,"SP","São Paulo"
"425",425,425,41,2020-03-07,"18:35",20,18,0,0,"0",0,"0","0",0,"PR","Paraná"
"426",426,426,42,2020-03-07,"18:35",44,25,0,0,"0",0,"0","0",0,"SC","Santa Catarina"
"427",427,427,43,2020-03-07,"18:35",88,75,0,0,"0",0,"0","0",0,"RS","Rio Grande do Sul"
"428",428,428,50,2020-03-07,"18:35",6,11,0,0,"0",0,"0","0",0,"MS","Mato Grosso do Sul"
"429",429,429,51,2020-03-07,"18:35",6,1,0,0,"0",0,"0","0",0,"MT","Mato Grosso"
"430",430,430,52,2020-03-07,"18:35",4,12,0,0,"0",0,"0","0",0,"GO","Goiás"
"431",431,431,53,2020-03-07,"18:35",30,19,0,0,"0",1,"0","0",0,"DF","Distrito Federal"
"432",432,432,11,2020-03-08,"17:30",1,0,0,0,"0",0,"0","0",0,"RO","Rondônia"
"433",433,433,13,2020-03-08,"17:30",2,4,0,0,"0",0,"0","0",0,"AM","Amazonas"
"434",434,434,15,2020-03-08,"17:30",3,6,0,0,"0",0,"0","0",0,"PA","Pará"
"435",435,435,21,2020-03-08,"17:30",0,2,0,0,"0",0,"0","0",0,"MA","Maranhão"
"436",436,436,22,2020-03-08,"17:30",1,2,0,0,"0",0,"0","0",0,"PI","Piauí"
"437",437,437,23,2020-03-08,"17:30",11,26,0,0,"0",0,"0","0",0,"CE","Ceará"
"438",438,438,24,2020-03-08,"17:30",9,13,0,0,"0",0,"0","0",0,"RN","Rio Grande do Norte"
"439",439,439,25,2020-03-08,"17:30",3,3,0,0,"0",0,"0","0",0,"PB","Paraíba"
"440",440,440,26,2020-03-08,"17:30",9,18,0,0,"0",0,"0","0",0,"PE","Pernambuco"
"441",441,441,27,2020-03-08,"17:30",6,1,0,0,"0",1,"0","0",0,"AL","Alagoas"
"442",442,442,28,2020-03-08,"17:30",1,1,0,0,"0",0,"0","0",0,"SE","Sergipe"
"443",443,443,29,2020-03-08,"17:30",15,32,0,0,"0",2,"0","TRUE",0,"BA","Bahia"
"444",444,444,31,2020-03-08,"17:30",122,17,0,0,"0",1,"0","0",0,"MG","Minas Gerais"
"445",445,445,32,2020-03-08,"17:30",1,12,0,0,"0",1,"0","0",0,"ES","Espírito Santo"
"446",446,446,33,2020-03-08,"17:30",110,67,0,0,"0",3,"0","0",0,"RJ","Rio de Janeiro"
"447",447,447,35,2020-03-08,"17:30",176,258,0,0,"0",16,"1 Portador assintomático","TRUE",0,"SP","São Paulo"
"448",448,448,41,2020-03-08,"17:30",22,20,0,0,"0",0,"0","0",0,"PR","Paraná"
"449",449,449,42,2020-03-08,"17:30",44,26,0,0,"0",0,"0","0",0,"SC","Santa Catarina"
"450",450,450,43,2020-03-08,"17:30",88,75,0,0,"0",0,"0","0",0,"RS","Rio Grande do Sul"
"451",451,451,50,2020-03-08,"17:30",6,11,0,0,"0",0,"0","0",0,"MS","Mato Grosso do Sul"
"452",452,452,51,2020-03-08,"17:30",5,2,0,0,"0",0,"0","0",0,"MT","Mato Grosso"
"453",453,453,52,2020-03-08,"17:30",4,12,0,0,"0",0,"0","0",0,"GO","Goiás"
"454",454,454,53,2020-03-08,"17:30",24,24,0,0,"0",1,"0","0",0,"DF","Distrito Federal"
"455",455,455,11,2020-03-10,"16:05",2,1,0,0,"0",0,"0","0",0,"RO","Rondônia"
"456",456,456,12,2020-03-10,"16:05",3,0,0,0,"0",0,"0","0",0,"AC","Acre"
"457",457,457,13,2020-03-10,"16:05",3,4,0,0,"0",0,"0","0",0,"AM","Amazonas"
"458",458,458,15,2020-03-10,"16:05",5,12,0,0,"0",0,"0","0",0,"PA","Pará"
"459",459,459,21,2020-03-10,"16:05",2,2,0,0,"0",0,"0","0",0,"MA","Maranhão"
"460",460,460,22,2020-03-10,"16:05",1,2,0,0,"0",0,"0","0",0,"PI","Piauí"
"461",461,461,23,2020-03-10,"16:05",22,42,0,0,"0",0,"0","0",0,"CE","Ceará"
"462",462,462,24,2020-03-10,"16:05",15,13,0,0,"0",0,"0","0",0,"RN","Rio Grande do Norte"
"463",463,463,25,2020-03-10,"16:05",5,6,0,0,"0",0,"0","0",0,"PB","Paraíba"
"464",464,464,26,2020-03-10,"16:05",12,22,0,0,"0",0,"0","0",0,"PE","Pernambuco"
"465",465,465,27,2020-03-10,"16:05",6,1,0,0,"0",1,"0","0",0,"AL","Alagoas"
"466",466,466,28,2020-03-10,"16:05",2,3,0,0,"0",0,"0","0",0,"SE","Sergipe"
"467",467,467,29,2020-03-10,"16:05",46,35,0,0,"0",2,"0","TRUE",0,"BA","Bahia"
"468",468,468,31,2020-03-10,"16:05",122,18,0,0,"0",1,"0","0",0,"MG","Minas Gerais"
"469",469,469,32,2020-03-10,"16:05",1,12,0,0,"0",1,"0","0",0,"ES","Espírito Santo"
"470",470,470,33,2020-03-10,"16:05",119,85,0,0,"0",8,"0","0",0,"RJ","Rio de Janeiro"
"471",471,471,35,2020-03-10,"16:05",302,289,0,0,"0",19,"1 Portador assintomático","TRUE",0,"SP","São Paulo"
"472",472,472,41,2020-03-10,"16:05",33,20,0,0,"0",0,"0","0",0,"PR","Paraná"
"473",473,473,42,2020-03-10,"16:05",42,28,0,0,"0",0,"0","0",0,"SC","Santa Catarina"
"474",474,474,43,2020-03-10,"16:05",70,129,0,0,"0",1,"0","0",0,"RS","Rio Grande do Sul"
"475",475,475,50,2020-03-10,"16:05",6,11,0,0,"0",0,"0","0",0,"MS","Mato Grosso do Sul"
"476",476,476,51,2020-03-10,"16:05",1,7,0,0,"0",0,"0","0",0,"MT","Mato Grosso"
"477",477,477,52,2020-03-10,"16:05",14,14,0,0,"0",0,"0","0",0,"GO","Goiás"
"478",478,478,53,2020-03-10,"16:05",59,24,0,0,"0",1,"0","0",0,"DF","Distrito Federal"
"479",479,479,11,2020-03-11,"16:45",2,1,0,0,"0",0,"0","0",0,"RO","Rondônia"
"480",480,480,12,2020-03-11,"16:45",3,0,0,0,"0",0,"0","0",0,"AC","Acre"
"481",481,481,13,2020-03-11,"16:45",1,7,0,0,"0",0,"0","0",0,"AM","Amazonas"
"482",482,482,15,2020-03-11,"16:45",5,13,0,0,"0",0,"0","0",0,"PA","Pará"
"483",483,483,21,2020-03-11,"16:45",6,2,0,0,"0",0,"0","0",0,"MA","Maranhão"
"484",484,484,22,2020-03-11,"16:45",1,2,0,0,"0",0,"0","0",0,"PI","Piauí"
"485",485,485,23,2020-03-11,"16:45",22,42,0,0,"0",0,"0","0",0,"CE","Ceará"
"486",486,486,24,2020-03-11,"16:45",13,14,0,0,"0",0,"0","0",0,"RN","Rio Grande do Norte"
"487",487,487,25,2020-03-11,"16:45",7,6,0,0,"0",0,"0","0",0,"PB","Paraíba"
"488",488,488,26,2020-03-11,"16:45",17,22,0,0,"0",0,"0","0",0,"PE","Pernambuco"
"489",489,489,27,2020-03-11,"16:45",4,7,0,0,"0",1,"0","0",0,"AL","Alagoas"
"490",490,490,28,2020-03-11,"16:45",2,3,0,0,"0",0,"0","0",0,"SE","Sergipe"
"491",491,491,29,2020-03-11,"16:45",65,36,0,0,"0",2,"0","TRUE",0,"BA","Bahia"
"492",492,492,31,2020-03-11,"16:45",117,22,0,0,"0",1,"0","0",0,"MG","Minas Gerais"
"493",493,493,32,2020-03-11,"16:45",31,13,0,0,"0",1,"0","0",0,"ES","Espírito Santo"
"494",494,494,33,2020-03-11,"16:45",87,133,0,0,"0",13,"0","0",0,"RJ","Rio de Janeiro"
"495",495,495,35,2020-03-11,"16:45",263,320,0,0,"0",30,"1 Portador assintomático","TRUE",0,"SP","São Paulo"
"496",496,496,41,2020-03-11,"16:45",49,27,0,0,"0",0,"0","0",0,"PR","Paraná"
"497",497,497,42,2020-03-11,"16:45",47,32,0,0,"0",0,"0","0",0,"SC","Santa Catarina"
"498",498,498,43,2020-03-11,"16:45",67,159,0,0,"0",2,"0","0",0,"RS","Rio Grande do Sul"
"499",499,499,50,2020-03-11,"16:45",6,11,0,0,"0",0,"0","0",0,"MS","Mato Grosso do Sul"
"500",500,500,51,2020-03-11,"16:45",1,7,0,0,"0",0,"0","0",0,"MT","Mato Grosso"
"501",501,501,52,2020-03-11,"16:45",17,28,0,0,"0",0,"0","0",0,"GO","Goiás"
"502",502,502,53,2020-03-11,"16:45",74,28,0,0,"0",2,"0","0",0,"DF","Distrito Federal"
"503",503,503,11,2020-03-12,"16:20",2,1,0,0,"0",0,"0","0",0,"RO","Rondônia"
"504",504,504,12,2020-03-12,"16:20",3,0,0,0,"0",0,"0","0",0,"AC","Acre"
"505",505,505,13,2020-03-12,"16:20",1,7,0,0,"0",0,"0","0",0,"AM","Amazonas"
"506",506,506,15,2020-03-12,"16:20",5,13,0,0,"0",0,"0","0",0,"PA","Pará"
"507",507,507,21,2020-03-12,"16:20",6,2,0,0,"0",0,"0","0",0,"MA","Maranhão"
"508",508,508,22,2020-03-12,"16:20",1,2,0,0,"0",0,"0","0",0,"PI","Piauí"
"509",509,509,23,2020-03-12,"16:20",22,42,0,0,"0",0,"0","0",0,"CE","Ceará"
"510",510,510,24,2020-03-12,"16:20",13,15,0,0,"0",0,"0","0",0,"RN","Rio Grande do Norte"
"511",511,511,25,2020-03-12,"16:20",10,6,0,0,"0",0,"0","0",0,"PB","Paraíba"
"512",512,512,26,2020-03-12,"16:20",18,23,0,0,"0",2,"0","0",0,"PE","Pernambuco"
"513",513,513,27,2020-03-12,"16:20",6,7,0,0,"0",1,"0","0",0,"AL","Alagoas"
"514",514,514,28,2020-03-12,"16:20",2,3,0,0,"0",0,"0","0",0,"SE","Sergipe"
"515",515,515,29,2020-03-12,"16:20",65,36,0,0,"0",2,"0","TRUE",0,"BA","Bahia"
"516",516,516,31,2020-03-12,"16:20",117,22,0,0,"0",1,"0","0",0,"MG","Minas Gerais"
"517",517,517,32,2020-03-12,"16:20",51,21,0,0,"0",1,"0","0",0,"ES","Espírito Santo"
"518",518,518,33,2020-03-12,"16:20",76,146,0,0,"0",16,"Transmissão comunitária no município do Rio de Janeiro","TRUE",0,"RJ","Rio de Janeiro"
"519",519,519,35,2020-03-12,"16:20",704,471,0,0,"0",42,"Transmissão comunitária no município de São Paulo.","TRUE",0,"SP","São Paulo"
"520",520,520,41,2020-03-12,"16:20",54,29,0,0,"0",6,"0","0",0,"PR","Paraná"
"521",521,521,42,2020-03-12,"16:20",73,34,0,0,"0",0,"0","0",0,"SC","Santa Catarina"
"522",522,522,43,2020-03-12,"16:20",81,183,0,0,"0",4,"0","0",0,"RS","Rio Grande do Sul"
"523",523,523,50,2020-03-12,"16:20",9,15,0,0,"0",0,"0","0",0,"MS","Mato Grosso do Sul"
"524",524,524,51,2020-03-12,"16:20",6,7,0,0,"0",0,"0","0",0,"MT","Mato Grosso"
"525",525,525,52,2020-03-12,"16:20",15,34,0,0,"0",0,"0","0",0,"GO","Goiás"
"526",526,526,53,2020-03-12,"16:20",82,44,0,0,"0",2,"0","0",0,"DF","Distrito Federal"
"527",527,527,11,2020-03-13,"15:45",2,1,0,0,"0",0,"0","0",0,"RO","Rondônia"
"528",528,528,12,2020-03-13,"15:45",3,0,0,0,"0",0,"0","0",0,"AC","Acre"
"529",529,529,13,2020-03-13,"15:45",1,7,0,0,"0",0,"0","0",0,"AM","Amazonas"
"530",530,530,15,2020-03-13,"15:45",1,20,0,0,"0",0,"0","0",0,"PA","Pará"
"531",531,531,17,2020-03-13,"15:45",2,0,0,0,"0",0,"0","0",0,"TO","Tocantins"
"532",532,532,21,2020-03-13,"15:45",6,2,0,0,"0",0,"0","0",0,"MA","Maranhão"
"533",533,533,22,2020-03-13,"15:45",1,2,0,0,"0",0,"0","0",0,"PI","Piauí"
"534",534,534,23,2020-03-13,"15:45",22,59,0,0,"0",0,"0","0",0,"CE","Ceará"
"535",535,535,24,2020-03-13,"15:45",12,15,0,0,"0",1,"0","0",0,"RN","Rio Grande do Norte"
"536",536,536,25,2020-03-13,"15:45",16,6,0,0,"0",0,"0","0",0,"PB","Paraíba"
"537",537,537,26,2020-03-13,"15:45",18,23,0,0,"0",2,"0","0",0,"PE","Pernambuco"
"538",538,538,27,2020-03-13,"15:45",6,7,0,0,"0",1,"0","0",0,"AL","Alagoas"
"539",539,539,28,2020-03-13,"15:45",2,3,0,0,"0",0,"0","0",0,"SE","Sergipe"
"540",540,540,29,2020-03-13,"15:45",65,36,0,0,"0",2,"0","TRUE",0,"BA","Bahia"
"541",541,541,31,2020-03-13,"15:45",116,73,0,0,"0",2,"0","0",0,"MG","Minas Gerais"
"542",542,542,32,2020-03-13,"15:45",51,21,0,0,"0",1,"0","0",0,"ES","Espírito Santo"
"543",543,543,33,2020-03-13,"15:45",76,147,0,0,"0",16,"Transmissão comunitária no município do Rio de Janeiro","TRUE",0,"RJ","Rio de Janeiro"
"544",544,544,35,2020-03-13,"15:45",753,529,0,0,"0",56,"Transmissão comunitária no município de São Paulo.","TRUE",0,"SP","São Paulo"
"545",545,545,41,2020-03-13,"15:45",72,34,0,0,"0",6,"0","0",0,"PR","Paraná"
"546",546,546,42,2020-03-13,"15:45",77,34,0,0,"0",2,"0","0",0,"SC","Santa Catarina"
"547",547,547,43,2020-03-13,"15:45",81,203,0,0,"0",4,"0","0",0,"RS","Rio Grande do Sul"
"548",548,548,50,2020-03-13,"15:45",15,16,0,0,"0",0,"0","0",0,"MS","Mato Grosso do Sul"
"549",549,549,51,2020-03-13,"15:45",6,7,0,0,"0",0,"0","0",0,"MT","Mato Grosso"
"550",550,550,52,2020-03-13,"15:45",6,46,0,0,"0",3,"0","0",0,"GO","Goiás"
"551",551,551,53,2020-03-13,"15:45",75,53,0,0,"0",2,"0","0",0,"DF","Distrito Federal"
"552",552,552,11,2020-03-14,"16:25",2,1,0,0,"0",0,"0","0",0,"RO","Rondônia"
"553",553,553,12,2020-03-14,"16:25",3,0,0,0,"0",0,"0","0",0,"AC","Acre"
"554",554,554,13,2020-03-14,"16:25",1,7,0,0,"0",0,"0","0",0,"AM","Amazonas"
"555",555,555,15,2020-03-14,"16:25",1,20,0,0,"0",0,"0","0",0,"PA","Pará"
"556",556,556,17,2020-03-14,"16:25",2,0,0,0,"0",0,"0","0",0,"TO","Tocantins"
"557",557,557,21,2020-03-14,"16:25",6,2,0,0,"0",0,"0","0",0,"MA","Maranhão"
"558",558,558,22,2020-03-14,"16:25",1,2,0,0,"0",0,"0","0",0,"PI","Piauí"
"559",559,559,23,2020-03-14,"16:25",22,59,0,0,"0",0,"0","0",0,"CE","Ceará"
"560",560,560,24,2020-03-14,"16:25",12,15,0,0,"0",1,"0","0",0,"RN","Rio Grande do Norte"
"561",561,561,25,2020-03-14,"16:25",11,11,0,0,"0",0,"0","0",0,"PB","Paraíba"
"562",562,562,26,2020-03-14,"16:25",18,23,0,0,"0",2,"0","0",0,"PE","Pernambuco"
"563",563,563,27,2020-03-14,"16:25",6,7,0,0,"0",1,"0","0",0,"AL","Alagoas"
"564",564,564,28,2020-03-14,"16:25",4,3,0,0,"0",0,"0","0",0,"SE","Sergipe"
"565",565,565,29,2020-03-14,"16:25",65,36,0,0,"0",2,"0","TRUE",0,"BA","Bahia"
"566",566,566,31,2020-03-14,"16:25",106,85,0,0,"0",2,"0","0",0,"MG","Minas Gerais"
"567",567,567,32,2020-03-14,"16:25",51,21,0,0,"0",1,"0","0",0,"ES","Espírito Santo"
"568",568,568,33,2020-03-14,"16:25",76,147,0,0,"0",22,"Transmissão comunitária no município do Rio de Janeiro","TRUE",0,"RJ","Rio de Janeiro"
"569",569,569,35,2020-03-14,"16:25",752,545,0,0,"0",65,"Transmissão comunitária no município de São Paulo.","TRUE",0,"SP","São Paulo"
"570",570,570,41,2020-03-14,"16:25",60,50,0,0,"0",6,"0","0",0,"PR","Paraná"
"571",571,571,42,2020-03-14,"16:25",85,39,0,0,"0",4,"0","0",0,"SC","Santa Catarina"
"572",572,572,43,2020-03-14,"16:25",80,203,0,0,"0",6,"0","0",0,"RS","Rio Grande do Sul"
"573",573,573,50,2020-03-14,"16:25",15,16,0,0,"0",0,"0","0",0,"MS","Mato Grosso do Sul"
"574",574,574,51,2020-03-14,"16:25",6,7,0,0,"0",0,"0","0",0,"MT","Mato Grosso"
"575",575,575,52,2020-03-14,"16:25",4,49,0,0,"0",3,"0","0",0,"GO","Goiás"
"576",576,576,53,2020-03-14,"16:25",107,65,0,0,"0",6,"0","0",0,"DF","Distrito Federal"
"577",577,577,11,2020-03-15,"19:15",2,1,0,0,"0",0,"0","0",0,"RO","Rondônia"
"578",578,578,12,2020-03-15,"19:15",3,0,0,0,"0",0,"0","0",0,"AC","Acre"
"579",579,579,13,2020-03-15,"19:15",0,7,0,0,"0",1,"0","0",0,"AM","Amazonas"
"580",580,580,14,2020-03-15,"19:15",2,0,0,0,"0",0,"0","0",0,"RR","Roraima"
"581",581,581,15,2020-03-15,"19:15",1,23,0,0,"0",0,"0","0",0,"PA","Pará"
"582",582,582,16,2020-03-15,"19:15",1,0,0,0,"0",0,"0","0",0,"AP","Amapá"
"583",583,583,17,2020-03-15,"19:15",3,0,0,0,"0",0,"0","0",0,"TO","Tocantins"
"584",584,584,21,2020-03-15,"19:15",6,2,0,0,"0",0,"0","0",0,"MA","Maranhão"
"585",585,585,22,2020-03-15,"19:15",1,2,0,0,"0",0,"0","0",0,"PI","Piauí"
"586",586,586,23,2020-03-15,"19:15",22,59,0,0,"0",0,"0","0",0,"CE","Ceará"
"587",587,587,24,2020-03-15,"19:15",14,15,0,0,"0",1,"0","0",0,"RN","Rio Grande do Norte"
"588",588,588,25,2020-03-15,"19:15",27,11,0,0,"0",0,"0","0",0,"PB","Paraíba"
"589",589,589,26,2020-03-15,"19:15",18,23,0,0,"0",2,"0","0",0,"PE","Pernambuco"
"590",590,590,27,2020-03-15,"19:15",14,21,0,0,"0",1,"0","0",0,"AL","Alagoas"
"591",591,591,28,2020-03-15,"19:15",1,11,0,0,"0",1,"0","0",0,"SE","Sergipe"
"592",592,592,29,2020-03-15,"19:15",65,36,0,0,"0",2,"0","TRUE",0,"BA","Bahia"
"593",593,593,31,2020-03-15,"19:15",106,85,0,0,"0",2,"0","0",0,"MG","Minas Gerais"
"594",594,594,32,2020-03-15,"19:15",51,21,0,0,"0",1,"0","0",0,"ES","Espírito Santo"
"595",595,595,33,2020-03-15,"19:15",95,147,0,0,"0",24,"Transmissão comunitária no município do Rio de Janeiro","TRUE",0,"RJ","Rio de Janeiro"
"596",596,596,35,2020-03-15,"19:15",1125,551,0,0,"0",136,"Transmissão comunitária no município de São Paulo.","TRUE",0,"SP","São Paulo"
"597",597,597,41,2020-03-15,"19:15",80,50,0,0,"0",6,"0","0",0,"PR","Paraná"
"598",598,598,42,2020-03-15,"19:15",102,41,0,0,"0",6,"0","0",0,"SC","Santa Catarina"
"599",599,599,43,2020-03-15,"19:15",66,217,0,0,"0",6,"0","0",0,"RS","Rio Grande do Sul"
"600",600,600,50,2020-03-15,"19:15",15,16,0,0,"0",0,"0","0",0,"MS","Mato Grosso do Sul"
"601",601,601,51,2020-03-15,"19:15",8,7,0,0,"0",0,"0","0",0,"MT","Mato Grosso"
"602",602,602,52,2020-03-15,"19:15",4,49,0,0,"0",3,"0","0",0,"GO","Goiás"
"603",603,603,53,2020-03-15,"19:15",81,91,0,0,"0",8,"0","0",0,"DF","Distrito Federal"
"604",604,604,11,2020-03-16,"15:50",2,1,0,0,"0",0,"0","0",0,"RO","Rondônia"
"605",605,605,12,2020-03-16,"15:50",3,0,0,0,"0",0,"0","0",0,"AC","Acre"
"606",606,606,13,2020-03-16,"15:50",0,7,0,0,"0",1,"0","0",0,"AM","Amazonas"
"607",607,607,14,2020-03-16,"15:50",2,0,0,0,"0",0,"0","0",0,"RR","Roraima"
"608",608,608,15,2020-03-16,"15:50",1,22,0,0,"0",0,"0","0",0,"PA","Pará"
"609",609,609,16,2020-03-16,"15:50",2,0,0,0,"0",0,"0","0",0,"AP","Amapá"
"610",610,610,17,2020-03-16,"15:50",3,0,0,0,"0",0,"0","0",0,"TO","Tocantins"
"611",611,611,21,2020-03-16,"15:50",6,2,0,0,"0",0,"0","0",0,"MA","Maranhão"
"612",612,612,22,2020-03-16,"15:50",2,3,0,0,"0",0,"0","0",0,"PI","Piauí"
"613",613,613,23,2020-03-16,"15:50",22,60,0,0,"0",0,"0","0",0,"CE","Ceará"
"614",614,614,24,2020-03-16,"15:50",14,15,0,0,"0",1,"0","0",0,"RN","Rio Grande do Norte"
"615",615,615,25,2020-03-16,"15:50",33,15,0,0,"0",0,"0","0",0,"PB","Paraíba"
"616",616,616,26,2020-03-16,"15:50",18,23,0,0,"0",2,"0","0",0,"PE","Pernambuco"
"617",617,617,27,2020-03-16,"15:50",16,22,0,0,"0",1,"0","0",0,"AL","Alagoas"
"618",618,618,28,2020-03-16,"15:50",1,11,0,0,"0",1,"0","0",0,"SE","Sergipe"
"619",619,619,29,2020-03-16,"15:50",65,40,0,0,"0",2,"0","TRUE",0,"BA","Bahia"
"620",620,620,31,2020-03-16,"15:50",102,88,0,0,"0",5,"0","0",0,"MG","Minas Gerais"
"621",621,621,32,2020-03-16,"15:50",50,21,0,0,"0",1,"0","0",0,"ES","Espírito Santo"
"622",622,622,33,2020-03-16,"15:50",96,153,0,0,"0",31,"Transmissão comunitária no município do Rio de Janeiro","TRUE",0,"RJ","Rio de Janeiro"
"623",623,623,35,2020-03-16,"15:50",1177,623,0,0,"0",152,"Transmissão comunitária no município de São Paulo.","TRUE",0,"SP","São Paulo"
"624",624,624,41,2020-03-16,"15:50",85,83,0,0,"0",6,"0","0",0,"PR","Paraná"
"625",625,625,42,2020-03-16,"15:50",109,44,0,0,"0",7,"0","0",0,"SC","Santa Catarina"
"626",626,626,43,2020-03-16,"15:50",119,218,0,0,"0",6,"0","0",0,"RS","Rio Grande do Sul"
"627",627,627,50,2020-03-16,"15:50",12,19,0,0,"0",2,"0","0",0,"MS","Mato Grosso do Sul"
"628",628,628,51,2020-03-16,"15:50",14,7,0,0,"0",0,"0","0",0,"MT","Mato Grosso"
"629",629,629,52,2020-03-16,"15:50",3,54,0,0,"0",3,"0","0",0,"GO","Goiás"
"630",630,630,53,2020-03-16,"15:50",107,93,0,0,"0",13,"0","0",0,"DF","Distrito Federal"
"631",631,631,11,2020-03-17,"18:10",38,3,0,0,"0",0,"0","0",0,"RO","Rondônia"
"632",632,632,12,2020-03-17,"18:10",8,0,0,0,"0",0,"0","0",0,"AC","Acre"
"633",633,633,13,2020-03-17,"18:10",7,19,0,0,"0",1,"0","0",0,"AM","Amazonas"
"634",634,634,14,2020-03-17,"18:10",5,0,0,0,"0",0,"0","0",0,"RR","Roraima"
"635",635,635,15,2020-03-17,"18:10",21,22,0,0,"0",0,"0","0",0,"PA","Pará"
"636",636,636,16,2020-03-17,"18:10",6,0,0,0,"0",0,"0","0",0,"AP","Amapá"
"637",637,637,17,2020-03-17,"18:10",11,0,0,0,"0",0,"0","0",0,"TO","Tocantins"
"638",638,638,21,2020-03-17,"18:10",52,8,0,0,"0",0,"0","0",0,"MA","Maranhão"
"639",639,639,22,2020-03-17,"18:10",14,4,0,0,"0",0,"0","0",0,"PI","Piauí"
"640",640,640,23,2020-03-17,"18:10",211,95,0,0,"0",5,"0","0",0,"CE","Ceará"
"641",641,641,24,2020-03-17,"18:10",72,21,0,0,"0",1,"0","0",0,"RN","Rio Grande do Norte"
"642",642,642,25,2020-03-17,"18:10",48,15,0,0,"0",0,"0","0",0,"PB","Paraíba"
"643",643,643,26,2020-03-17,"18:10",71,33,0,0,"0",16,"0","0",0,"PE","Pernambuco"
"644",644,644,27,2020-03-17,"18:10",34,20,0,0,"0",1,"0","0",0,"AL","Alagoas"
"645",645,645,28,2020-03-17,"18:10",7,12,0,0,"0",4,"0","0",0,"SE","Sergipe"
"646",646,646,29,2020-03-17,"18:10",375,59,0,0,"0",3,"0","TRUE",0,"BA","Bahia"
"647",647,647,31,2020-03-17,"18:10",563,99,0,0,"0",7,"0","0",0,"MG","Minas Gerais"
"648",648,648,32,2020-03-17,"18:10",69,21,0,0,"0",1,"0","0",0,"ES","Espírito Santo"
"649",649,649,33,2020-03-17,"18:10",859,194,0,0,"0",33,"Transmissão comunitária no município do Rio de Janeiro","TRUE",0,"RJ","Rio de Janeiro"
"650",650,650,35,2020-03-17,"18:10",5047,709,0,0,"0",164,"Transmissão comunitária no município de São Paulo.","TRUE",1,"SP","São Paulo"
"651",651,651,41,2020-03-17,"18:10",240,82,0,0,"0",6,"0","0",0,"PR","Paraná"
"652",652,652,42,2020-03-17,"18:10",220,55,0,0,"0",7,"0","0",0,"SC","Santa Catarina"
"653",653,653,43,2020-03-17,"18:10",300,217,0,0,"0",10,"0","0",0,"RS","Rio Grande do Sul"
"654",654,654,50,2020-03-17,"18:10",44,45,0,0,"0",4,"0","0",0,"MS","Mato Grosso do Sul"
"655",655,655,51,2020-03-17,"18:10",23,7,0,0,"0",0,"0","0",0,"MT","Mato Grosso"
"656",656,656,52,2020-03-17,"18:10",221,54,0,0,"0",6,"0","0",0,"GO","Goiás"
"657",657,657,53,2020-03-17,"18:10",253,96,0,0,"0",22,"0","0",0,"DF","Distrito Federal"
"658",658,658,11,2020-03-18,"20:00",61,2,0,0,"0",0,"","0",0,"RO","Rondônia"
"659",659,659,12,2020-03-18,"20:00",12,0,0,0,"0",0,"","0",0,"AC","Acre"
"660",660,660,13,2020-03-18,"20:00",18,26,0,0,"0",1,"","0",0,"AM","Amazonas"
"661",661,661,14,2020-03-18,"20:00",9,0,0,0,"0",0,"","0",0,"RR","Roraima"
"662",662,662,15,2020-03-18,"20:00",43,23,0,0,"0",0,"","0",0,"PA","Pará"
"663",663,663,16,2020-03-18,"20:00",15,0,0,0,"0",0,"","0",0,"AP","Amapá"
"664",664,664,17,2020-03-18,"20:00",13,0,0,0,"0",0,"","0",0,"TO","Tocantins"
"665",665,665,21,2020-03-18,"20:00",125,13,0,0,"0",0,"","0",0,"MA","Maranhão"
"666",666,666,22,2020-03-18,"20:00",12,2,0,0,"0",0,"","0",0,"PI","Piauí"
"667",667,667,23,2020-03-18,"20:00",493,89,0,0,"0",9,"","0",0,"CE","Ceará"
"668",668,668,24,2020-03-18,"20:00",108,22,0,0,"0",1,"","0",0,"RN","Rio Grande do Norte"
"669",669,669,25,2020-03-18,"20:00",85,11,0,0,"0",0,"","0",0,"PB","Paraíba"
"670",670,670,26,2020-03-18,"20:00",89,23,0,0,"0",16,"","0",0,"PE","Pernambuco"
"671",671,671,27,2020-03-18,"20:00",43,22,0,0,"0",1,"0","0",0,"AL","Alagoas"
"672",672,672,28,2020-03-18,"20:00",15,11,0,0,"0",5,"0","0",0,"SE","Sergipe"
"673",673,673,29,2020-03-18,"20:00",573,36,0,0,"0",3,"0","TRUE",0,"BA","Bahia"
"674",674,674,31,2020-03-18,"20:00",925,104,0,0,"0",15,"0","0",0,"MG","Minas Gerais"
"675",675,675,32,2020-03-18,"20:00",71,21,0,0,"0",9,"0","0",0,"ES","Espírito Santo"
"676",676,676,33,2020-03-18,"20:00",1254,148,0,0,"0",45,"Transmissão comunitária no município do Rio de Janeiro","TRUE",0,"RJ","Rio de Janeiro"
"677",677,677,35,2020-03-18,"20:00",5334,596,0,0,"0",240,"Transmissão comunitária no município de São Paulo.","TRUE",4,"SP","São Paulo"
"678",678,678,41,2020-03-18,"20:00",400,119,0,0,"0",13,"0","0",0,"PR","Paraná"
"679",679,679,42,2020-03-18,"20:00",346,47,0,0,"0",10,"0","0",0,"SC","Santa Catarina"
"680",680,680,43,2020-03-18,"20:00",416,330,0,0,"0",19,"0","0",0,"RS","Rio Grande do Sul"
"681",681,681,50,2020-03-18,"20:00",93,26,0,0,"0",7,"0","0",0,"MS","Mato Grosso do Sul"
"682",682,682,51,2020-03-18,"20:00",45,8,0,0,"0",0,"0","0",0,"MT","Mato Grosso"
"683",683,683,52,2020-03-18,"20:00",353,55,0,0,"0",8,"0","0",0,"GO","Goiás"
"684",684,684,53,2020-03-18,"20:00",327,107,0,0,"0",26,"0","0",0,"DF","Distrito Federal"
"685",685,685,11,2020-03-19,"",NA,NA,NA,NA,"",0,"","",0,"RO","Rondônia"
"686",686,686,12,2020-03-19,"",NA,NA,NA,NA,"",3,"","",0,"AC","Acre"
"687",687,687,13,2020-03-19,"",NA,NA,NA,NA,"",3,"","",0,"AM","Amazonas"
"688",688,688,14,2020-03-19,"",NA,NA,NA,NA,"",0,"","",0,"RR","Roraima"
"689",689,689,15,2020-03-19,"",NA,NA,NA,NA,"",1,"","",0,"PA","Pará"
"690",690,690,16,2020-03-19,"",NA,NA,NA,NA,"",0,"","",0,"AP","Amapá"
"691",691,691,17,2020-03-19,"",NA,NA,NA,NA,"",1,"","",0,"TO","Tocantins"
"692",692,692,21,2020-03-19,"",NA,NA,NA,NA,"",0,"","",0,"MA","Maranhão"
"693",693,693,22,2020-03-19,"",NA,NA,NA,NA,"",0,"","",0,"PI","Piauí"
"694",694,694,23,2020-03-19,"",NA,NA,NA,NA,"",20,"","",0,"CE","Ceará"
"695",695,695,24,2020-03-19,"",NA,NA,NA,NA,"",1,"","",0,"RN","Rio Grande do Norte"
"696",696,696,25,2020-03-19,"",NA,NA,NA,NA,"",1,"","",0,"PB","Paraíba"
"697",697,697,26,2020-03-19,"",NA,NA,NA,NA,"",28,"","",0,"PE","Pernambuco"
"698",698,698,27,2020-03-19,"",NA,NA,NA,NA,"",4,"","",0,"AL","Alagoas"
"699",699,699,28,2020-03-19,"",NA,NA,NA,NA,"",6,"","",0,"SE","Sergipe"
"700",700,700,29,2020-03-19,"",NA,NA,NA,NA,"",30,"","",0,"BA","Bahia"
"701",701,701,31,2020-03-19,"",NA,NA,NA,NA,"",29,"","",0,"MG","Minas Gerais"
"702",702,702,32,2020-03-19,"",NA,NA,NA,NA,"",11,"","",0,"ES","Espírito Santo"
"703",703,703,33,2020-03-19,"",NA,NA,NA,NA,"",65,"","",2,"RJ","Rio de Janeiro"
"704",704,704,35,2020-03-19,"",NA,NA,NA,NA,"",286,"","",4,"SP","São Paulo"
"705",705,705,41,2020-03-19,"",NA,NA,NA,NA,"",23,"","",0,"PR","Paraná"
"706",706,706,42,2020-03-19,"",NA,NA,NA,NA,"",20,"","",0,"SC","Santa Catarina"
"707",707,707,43,2020-03-19,"",NA,NA,NA,NA,"",28,"","",0,"RS","Rio Grande do Sul"
"708",708,708,50,2020-03-19,"",NA,NA,NA,NA,"",7,"","",0,"MS","Mato Grosso do Sul"
"709",709,709,51,2020-03-19,"",NA,NA,NA,NA,"",0,"","",0,"MT","Mato Grosso"
"710",710,710,52,2020-03-19,"",NA,NA,NA,NA,"",12,"","",0,"GO","Goiás"
"711",711,711,53,2020-03-19,"",NA,NA,NA,NA,"",42,"","",0,"DF","Distrito Federal"
"712",712,712,11,2020-03-20,"",NA,NA,NA,NA,"",1,"","",0,"RO","Rondônia"
"713",713,713,12,2020-03-20,"",NA,NA,NA,NA,"",7,"","",0,"AC","Acre"
"714",714,714,13,2020-03-20,"",NA,NA,NA,NA,"",3,"","",0,"AM","Amazonas"
"715",715,715,14,2020-03-20,"",NA,NA,NA,NA,"",0,"","",0,"RR","Roraima"
"716",716,716,15,2020-03-20,"",NA,NA,NA,NA,"",2,"","",0,"PA","Pará"
"717",717,717,16,2020-03-20,"",NA,NA,NA,NA,"",1,"","",0,"AP","Amapá"
"718",718,718,17,2020-03-20,"",NA,NA,NA,NA,"",1,"","",0,"TO","Tocantins"
"719",719,719,21,2020-03-20,"",NA,NA,NA,NA,"",0,"","",0,"MA","Maranhão"
"720",720,720,22,2020-03-20,"",NA,NA,NA,NA,"",3,"","",0,"PI","Piauí"
"721",721,721,23,2020-03-20,"",NA,NA,NA,NA,"",55,"","",0,"CE","Ceará"
"722",722,722,24,2020-03-20,"",NA,NA,NA,NA,"",1,"","",0,"RN","Rio Grande do Norte"
"723",723,723,25,2020-03-20,"",NA,NA,NA,NA,"",1,"","",0,"PB","Paraíba"
"724",724,724,26,2020-03-20,"",NA,NA,NA,NA,"",30,"","",0,"PE","Pernambuco"
"725",725,725,27,2020-03-20,"",NA,NA,NA,NA,"",5,"","",0,"AL","Alagoas"
"726",726,726,28,2020-03-20,"",NA,NA,NA,NA,"",6,"","",0,"SE","Sergipe"
"727",727,727,29,2020-03-20,"",NA,NA,NA,NA,"",33,"","",0,"BA","Bahia"
"728",728,728,31,2020-03-20,"",NA,NA,NA,NA,"",35,"","",0,"MG","Minas Gerais"
"729",729,729,32,2020-03-20,"",NA,NA,NA,NA,"",13,"","",0,"ES","Espírito Santo"
"730",730,730,33,2020-03-20,"",NA,NA,NA,NA,"",109,"","",2,"RJ","Rio de Janeiro"
"731",731,731,35,2020-03-20,"",NA,NA,NA,NA,"",396,"","",9,"SP","São Paulo"
"732",732,732,41,2020-03-20,"",NA,NA,NA,NA,"",32,"","",0,"PR","Paraná"
"733",733,733,42,2020-03-20,"",NA,NA,NA,NA,"",21,"","",0,"SC","Santa Catarina"
"734",734,734,43,2020-03-20,"",NA,NA,NA,NA,"",37,"","",0,"RS","Rio Grande do Sul"
"735",735,735,50,2020-03-20,"",NA,NA,NA,NA,"",9,"","",0,"MS","Mato Grosso do Sul"
"736",736,736,51,2020-03-20,"",NA,NA,NA,NA,"",1,"","",0,"MT","Mato Grosso"
"737",737,737,52,2020-03-20,"",NA,NA,NA,NA,"",15,"","",0,"GO","Goiás"
"738",738,738,53,2020-03-20,"",NA,NA,NA,NA,"",87,"","",0,"DF","Distrito Federal"
"739",739,739,11,2020-03-21,"",NA,NA,NA,NA,"",1,"","",0,"RO","Rondônia"
"740",740,740,12,2020-03-21,"",NA,NA,NA,NA,"",9,"","",0,"AC","Acre"
"741",741,741,13,2020-03-21,"",NA,NA,NA,NA,"",11,"","",0,"AM","Amazonas"
"742",742,742,14,2020-03-21,"",NA,NA,NA,NA,"",0,"","",0,"RR","Roraima"
"743",743,743,15,2020-03-21,"",NA,NA,NA,NA,"",2,"","",0,"PA","Pará"
"744",744,744,16,2020-03-21,"",NA,NA,NA,NA,"",1,"","",0,"AP","Amapá"
"745",745,745,17,2020-03-21,"",NA,NA,NA,NA,"",2,"","",0,"TO","Tocantins"
"746",746,746,21,2020-03-21,"",NA,NA,NA,NA,"",1,"","",0,"MA","Maranhão"
"747",747,747,22,2020-03-21,"",NA,NA,NA,NA,"",4,"","",0,"PI","Piauí"
"748",748,748,23,2020-03-21,"",NA,NA,NA,NA,"",68,"","",0,"CE","Ceará"
"749",749,749,24,2020-03-21,"",NA,NA,NA,NA,"",6,"","",0,"RN","Rio Grande do Norte"
"750",750,750,25,2020-03-21,"",NA,NA,NA,NA,"",1,"","",0,"PB","Paraíba"
"751",751,751,26,2020-03-21,"",NA,NA,NA,NA,"",30,"","",0,"PE","Pernambuco"
"752",752,752,27,2020-03-21,"",NA,NA,NA,NA,"",7,"","",0,"AL","Alagoas"
"753",753,753,28,2020-03-21,"",NA,NA,NA,NA,"",10,"","",0,"SE","Sergipe"
"754",754,754,29,2020-03-21,"",NA,NA,NA,NA,"",41,"","",0,"BA","Bahia"
"755",755,755,31,2020-03-21,"",NA,NA,NA,NA,"",38,"","",0,"MG","Minas Gerais"
"756",756,756,32,2020-03-21,"",NA,NA,NA,NA,"",26,"","",0,"ES","Espírito Santo"
"757",757,757,33,2020-03-21,"",NA,NA,NA,NA,"",119,"","",3,"RJ","Rio de Janeiro"
"758",758,758,35,2020-03-21,"",NA,NA,NA,NA,"",459,"","",15,"SP","São Paulo"
"759",759,759,41,2020-03-21,"",NA,NA,NA,NA,"",43,"","",0,"PR","Paraná"
"760",760,760,42,2020-03-21,"",NA,NA,NA,NA,"",51,"","",0,"SC","Santa Catarina"
"761",761,761,43,2020-03-21,"",NA,NA,NA,NA,"",60,"","",0,"RS","Rio Grande do Sul"
"762",762,762,50,2020-03-21,"",NA,NA,NA,NA,"",16,"","",0,"MS","Mato Grosso do Sul"
"763",763,763,51,2020-03-21,"",NA,NA,NA,NA,"",2,"","",0,"MT","Mato Grosso"
"764",764,764,52,2020-03-21,"",NA,NA,NA,NA,"",20,"","",0,"GO","Goiás"
"765",765,765,53,2020-03-21,"",NA,NA,NA,NA,"",100,"","",0,"DF","Distrito Federal"
"766",766,766,11,2020-03-22,"",NA,NA,NA,NA,"",3,"","",0,"RO","Rondônia"
"767",767,767,12,2020-03-22,"",NA,NA,NA,NA,"",11,"","",0,"AC","Acre"
"768",768,768,13,2020-03-22,"",NA,NA,NA,NA,"",26,"","",0,"AM","Amazonas"
"769",769,769,14,2020-03-22,"",NA,NA,NA,NA,"",2,"","",0,"RR","Roraima"
"770",770,770,15,2020-03-22,"",NA,NA,NA,NA,"",4,"","",0,"PA","Pará"
"771",771,771,16,2020-03-22,"",NA,NA,NA,NA,"",1,"","",0,"AP","Amapá"
"772",772,772,17,2020-03-22,"",NA,NA,NA,NA,"",2,"","",0,"TO","Tocantins"
"773",773,773,21,2020-03-22,"",NA,NA,NA,NA,"",2,"","",0,"MA","Maranhão"
"774",774,774,22,2020-03-22,"",NA,NA,NA,NA,"",4,"","",0,"PI","Piauí"
"775",775,775,23,2020-03-22,"",NA,NA,NA,NA,"",112,"","",0,"CE","Ceará"
"776",776,776,24,2020-03-22,"",NA,NA,NA,NA,"",9,"","",0,"RN","Rio Grande do Norte"
"777",777,777,25,2020-03-22,"",NA,NA,NA,NA,"",1,"","",0,"PB","Paraíba"
"778",778,778,26,2020-03-22,"",NA,NA,NA,NA,"",37,"","",0,"PE","Pernambuco"
"779",779,779,27,2020-03-22,"",NA,NA,NA,NA,"",7,"","",0,"AL","Alagoas"
"780",780,780,28,2020-03-22,"",NA,NA,NA,NA,"",10,"","",0,"SE","Sergipe"
"781",781,781,29,2020-03-22,"",NA,NA,NA,NA,"",49,"","",0,"BA","Bahia"
"782",782,782,31,2020-03-22,"",NA,NA,NA,NA,"",83,"","",0,"MG","Minas Gerais"
"783",783,783,32,2020-03-22,"",NA,NA,NA,NA,"",26,"","",0,"ES","Espírito Santo"
"784",784,784,33,2020-03-22,"",NA,NA,NA,NA,"",186,"","",3,"RJ","Rio de Janeiro"
"785",785,785,35,2020-03-22,"",NA,NA,NA,NA,"",631,"","",22,"SP","São Paulo"
"786",786,786,41,2020-03-22,"",NA,NA,NA,NA,"",50,"","",0,"PR","Paraná"
"787",787,787,42,2020-03-22,"",NA,NA,NA,NA,"",57,"","",0,"SC","Santa Catarina"
"788",788,788,43,2020-03-22,"",NA,NA,NA,NA,"",72,"","",0,"RS","Rio Grande do Sul"
"789",789,789,50,2020-03-22,"",NA,NA,NA,NA,"",21,"","",0,"MS","Mato Grosso do Sul"
"790",790,790,51,2020-03-22,"",NA,NA,NA,NA,"",2,"","",0,"MT","Mato Grosso"
"791",791,791,52,2020-03-22,"",NA,NA,NA,NA,"",21,"","",0,"GO","Goiás"
"792",792,792,53,2020-03-22,"",NA,NA,NA,NA,"",117,"","",0,"DF","Distrito Federal"
"793",793,793,11,2020-03-23,"",NA,NA,NA,NA,"",3,"","",0,"RO","Rondônia"
"794",794,794,12,2020-03-23,"",NA,NA,NA,NA,"",11,"","",0,"AC","Acre"
"795",795,795,13,2020-03-23,"",NA,NA,NA,NA,"",32,"","",0,"AM","Amazonas"
"796",796,796,14,2020-03-23,"",NA,NA,NA,NA,"",2,"","",0,"RR","Roraima"
"797",797,797,15,2020-03-23,"",NA,NA,NA,NA,"",5,"","",0,"PA","Pará"
"798",798,798,16,2020-03-23,"",NA,NA,NA,NA,"",1,"","",0,"AP","Amapá"
"799",799,799,17,2020-03-23,"",NA,NA,NA,NA,"",5,"","",0,"TO","Tocantins"
"800",800,800,21,2020-03-23,"",NA,NA,NA,NA,"",2,"","",0,"MA","Maranhão"
"801",801,801,22,2020-03-23,"",NA,NA,NA,NA,"",6,"","",0,"PI","Piauí"
"802",802,802,23,2020-03-23,"",NA,NA,NA,NA,"",163,"","",0,"CE","Ceará"
"803",803,803,24,2020-03-23,"",NA,NA,NA,NA,"",13,"","",0,"RN","Rio Grande do Norte"
"804",804,804,25,2020-03-23,"",NA,NA,NA,NA,"",2,"","",0,"PB","Paraíba"
"805",805,805,26,2020-03-23,"",NA,NA,NA,NA,"",42,"","",0,"PE","Pernambuco"
"806",806,806,27,2020-03-23,"",NA,NA,NA,NA,"",7,"","",0,"AL","Alagoas"
"807",807,807,28,2020-03-23,"",NA,NA,NA,NA,"",10,"","",0,"SE","Sergipe"
"808",808,808,29,2020-03-23,"",NA,NA,NA,NA,"",63,"","",0,"BA","Bahia"
"809",809,809,31,2020-03-23,"",NA,NA,NA,NA,"",128,"","",0,"MG","Minas Gerais"
"810",810,810,32,2020-03-23,"",NA,NA,NA,NA,"",29,"","",0,"ES","Espírito Santo"
"811",811,811,33,2020-03-23,"",NA,NA,NA,NA,"",233,"","",4,"RJ","Rio de Janeiro"
"812",812,812,35,2020-03-23,"",NA,NA,NA,NA,"",745,"","",30,"SP","São Paulo"
"813",813,813,41,2020-03-23,"",NA,NA,NA,NA,"",56,"","",0,"PR","Paraná"
"814",814,814,42,2020-03-23,"",NA,NA,NA,NA,"",68,"","",0,"SC","Santa Catarina"
"815",815,815,43,2020-03-23,"",NA,NA,NA,NA,"",86,"","",0,"RS","Rio Grande do Sul"
"816",816,816,50,2020-03-23,"",NA,NA,NA,NA,"",21,"","",0,"MS","Mato Grosso do Sul"
"817",817,817,51,2020-03-23,"",NA,NA,NA,NA,"",2,"","",0,"MT","Mato Grosso"
"818",818,818,52,2020-03-23,"",NA,NA,NA,NA,"",23,"","",0,"GO","Goiás"
"819",819,819,53,2020-03-23,"",NA,NA,NA,NA,"",133,"","",0,"DF","Distrito Federal"
"820",820,820,11,2020-03-24,"",NA,NA,NA,NA,"",3,"","",0,"RO","Rondônia"
"821",821,821,12,2020-03-24,"",NA,NA,NA,NA,"",17,"","",0,"AC","Acre"
"822",822,822,13,2020-03-24,"",NA,NA,NA,NA,"",47,"","",0,"AM","Amazonas"
"823",823,823,14,2020-03-24,"",NA,NA,NA,NA,"",2,"","",0,"RR","Roraima"
"824",824,824,15,2020-03-24,"",NA,NA,NA,NA,"",5,"","",0,"PA","Pará"
"825",825,825,16,2020-03-24,"",NA,NA,NA,NA,"",1,"","",0,"AP","Amapá"
"826",826,826,17,2020-03-24,"",NA,NA,NA,NA,"",7,"","",0,"TO","Tocantins"
"827",827,827,21,2020-03-24,"",NA,NA,NA,NA,"",8,"","",0,"MA","Maranhão"
"828",828,828,22,2020-03-24,"",NA,NA,NA,NA,"",6,"","",0,"PI","Piauí"
"829",829,829,23,2020-03-24,"",NA,NA,NA,NA,"",182,"","",0,"CE","Ceará"
"830",830,830,24,2020-03-24,"",NA,NA,NA,NA,"",13,"","",0,"RN","Rio Grande do Norte"
"831",831,831,25,2020-03-24,"",NA,NA,NA,NA,"",3,"","",0,"PB","Paraíba"
"832",832,832,26,2020-03-24,"",NA,NA,NA,NA,"",42,"","",0,"PE","Pernambuco"
"833",833,833,27,2020-03-24,"",NA,NA,NA,NA,"",7,"","",0,"AL","Alagoas"
"834",834,834,28,2020-03-24,"",NA,NA,NA,NA,"",15,"","",0,"SE","Sergipe"
"835",835,835,29,2020-03-24,"",NA,NA,NA,NA,"",76,"","",0,"BA","Bahia"
"836",836,836,31,2020-03-24,"",NA,NA,NA,NA,"",130,"","",0,"MG","Minas Gerais"
"837",837,837,32,2020-03-24,"",NA,NA,NA,NA,"",33,"","",0,"ES","Espírito Santo"
"838",838,838,33,2020-03-24,"",NA,NA,NA,NA,"",305,"","",6,"RJ","Rio de Janeiro"
"839",839,839,35,2020-03-24,"",NA,NA,NA,NA,"",810,"","",40,"SP","São Paulo"
"840",840,840,41,2020-03-24,"",NA,NA,NA,NA,"",65,"","",0,"PR","Paraná"
"841",841,841,42,2020-03-24,"",NA,NA,NA,NA,"",107,"","",0,"SC","Santa Catarina"
"842",842,842,43,2020-03-24,"",NA,NA,NA,NA,"",98,"","",0,"RS","Rio Grande do Sul"
"843",843,843,50,2020-03-24,"",NA,NA,NA,NA,"",23,"","",0,"MS","Mato Grosso do Sul"
"844",844,844,51,2020-03-24,"",NA,NA,NA,NA,"",7,"","",0,"MT","Mato Grosso"
"845",845,845,52,2020-03-24,"",NA,NA,NA,NA,"",27,"","",0,"GO","Goiás"
"846",846,846,53,2020-03-24,"",NA,NA,NA,NA,"",160,"","",0,"DF","Distrito Federal"
"847",847,847,11,2020-03-25,"",NA,NA,NA,NA,"",5,"","",0,"RO","Rondônia"
"848",848,848,12,2020-03-25,"",NA,NA,NA,NA,"",23,"","",0,"AC","Acre"
"849",849,849,13,2020-03-25,"",NA,NA,NA,NA,"",54,"","",1,"AM","Amazonas"
"850",850,850,14,2020-03-25,"",NA,NA,NA,NA,"",8,"","",0,"RR","Roraima"
"851",851,851,15,2020-03-25,"",NA,NA,NA,NA,"",7,"","",0,"PA","Pará"
"852",852,852,16,2020-03-25,"",NA,NA,NA,NA,"",1,"","",0,"AP","Amapá"
"853",853,853,17,2020-03-25,"",NA,NA,NA,NA,"",7,"","",0,"TO","Tocantins"
"854",854,854,21,2020-03-25,"",NA,NA,NA,NA,"",8,"","",0,"MA","Maranhão"
"855",855,855,22,2020-03-25,"",NA,NA,NA,NA,"",8,"","",0,"PI","Piauí"
"856",856,856,23,2020-03-25,"",NA,NA,NA,NA,"",200,"","",0,"CE","Ceará"
"857",857,857,24,2020-03-25,"",NA,NA,NA,NA,"",14,"","",0,"RN","Rio Grande do Norte"
"858",858,858,25,2020-03-25,"",NA,NA,NA,NA,"",3,"","",0,"PB","Paraíba"
"859",859,859,26,2020-03-25,"",NA,NA,NA,NA,"",46,"","",1,"PE","Pernambuco"
"860",860,860,27,2020-03-25,"",NA,NA,NA,NA,"",11,"","",0,"AL","Alagoas"
"861",861,861,28,2020-03-25,"",NA,NA,NA,NA,"",16,"","",0,"SE","Sergipe"
"862",862,862,29,2020-03-25,"",NA,NA,NA,NA,"",84,"","",0,"BA","Bahia"
"863",863,863,31,2020-03-25,"",NA,NA,NA,NA,"",133,"","",0,"MG","Minas Gerais"
"864",864,864,32,2020-03-25,"",NA,NA,NA,NA,"",39,"","",0,"ES","Espírito Santo"
"865",865,865,33,2020-03-25,"",NA,NA,NA,NA,"",370,"","",6,"RJ","Rio de Janeiro"
"866",866,866,35,2020-03-25,"",NA,NA,NA,NA,"",862,"","",48,"SP","São Paulo"
"867",867,867,41,2020-03-25,"",NA,NA,NA,NA,"",81,"","",0,"PR","Paraná"
"868",868,868,42,2020-03-25,"",NA,NA,NA,NA,"",109,"","",0,"SC","Santa Catarina"
"869",869,869,43,2020-03-25,"",NA,NA,NA,NA,"",123,"","",1,"RS","Rio Grande do Sul"
"870",870,870,50,2020-03-25,"",NA,NA,NA,NA,"",24,"","",0,"MS","Mato Grosso do Sul"
"871",871,871,51,2020-03-25,"",NA,NA,NA,NA,"",8,"","",0,"MT","Mato Grosso"
"872",872,872,52,2020-03-25,"",NA,NA,NA,NA,"",29,"","",0,"GO","Goiás"
"873",873,873,53,2020-03-25,"",NA,NA,NA,NA,"",160,"","",0,"DF","Distrito Federal"
"874",874,NA,12,2020-03-26,NA,NA,NA,NA,NA,NA,24,NA,NA,NA,"AC","Acre"
"875",875,NA,27,2020-03-26,NA,NA,NA,NA,NA,NA,11,NA,NA,NA,"AL","Alagoas"
"876",876,NA,16,2020-03-26,NA,NA,NA,NA,NA,NA,2,NA,NA,NA,"AP","Amapá"
"877",877,NA,13,2020-03-26,NA,NA,NA,NA,NA,NA,67,NA,NA,NA,"AM","Amazonas"
"878",878,NA,29,2020-03-26,NA,NA,NA,NA,NA,NA,104,NA,NA,NA,"BA","Bahia"
"879",879,NA,21,2020-03-26,NA,NA,NA,NA,NA,NA,10,NA,NA,NA,"MA","Maranhão"
"880",880,NA,53,2020-03-26,NA,NA,NA,NA,NA,NA,200,NA,NA,NA,"DF","Distrito Federal"
"881",881,NA,32,2020-03-26,NA,NA,NA,NA,NA,NA,39,NA,NA,NA,"ES","Espírito Santo"
"882",882,NA,23,2020-03-26,NA,NA,NA,NA,NA,NA,235,NA,NA,NA,"CE","Ceará"
"883",883,NA,52,2020-03-26,NA,NA,NA,NA,NA,NA,39,NA,NA,NA,"GO","Goiás"
"884",884,NA,51,2020-03-26,NA,NA,NA,NA,NA,NA,11,NA,NA,NA,"MT","Mato Grosso"
"885",885,NA,15,2020-03-26,NA,NA,NA,NA,NA,NA,13,NA,NA,NA,"PA","Pará"
"886",886,NA,31,2020-03-26,NA,NA,NA,NA,NA,NA,153,NA,NA,NA,"MG","Minas Gerais"
"887",887,NA,26,2020-03-26,NA,NA,NA,NA,NA,NA,48,NA,NA,NA,"PE","Pernambuco"
"888",888,NA,24,2020-03-26,NA,NA,NA,NA,NA,NA,19,NA,NA,NA,"RN","Rio Grande do Norte"
"889",889,NA,43,2020-03-26,NA,NA,NA,NA,NA,NA,168,NA,NA,NA,"RS","Rio Grande do Sul"
"890",890,NA,41,2020-03-26,NA,NA,NA,NA,NA,NA,102,NA,NA,NA,"PR","Paraná"
"891",891,NA,33,2020-03-26,NA,NA,NA,NA,NA,NA,421,NA,NA,NA,"RJ","Rio de Janeiro"
"892",892,NA,22,2020-03-26,NA,NA,NA,NA,NA,NA,9,NA,NA,NA,"PI","Piauí"
"893",893,NA,11,2020-03-25,NA,NA,NA,NA,NA,NA,5,NA,NA,NA,"RO","Rondônia"
"894",894,NA,14,2020-03-25,NA,NA,NA,NA,NA,NA,8,NA,NA,NA,"RR","Roraima"
"895",895,NA,50,2020-03-26,NA,NA,NA,NA,NA,NA,25,NA,NA,NA,"MS","Mato Grosso do Sul"
"896",896,NA,28,2020-03-25,NA,NA,NA,NA,NA,NA,16,NA,NA,NA,"SE","Sergipe"
"897",897,NA,35,2020-03-26,NA,NA,NA,NA,NA,NA,1052,NA,NA,NA,"SP","São Paulo"
"898",898,NA,25,2020-03-26,NA,NA,NA,NA,NA,NA,5,NA,NA,NA,"PB","Paraíba"
"899",899,NA,17,2020-03-26,NA,NA,NA,NA,NA,NA,7,NA,NA,NA,"TO","Tocantins"
"900",900,NA,42,2020-03-26,NA,NA,NA,NA,NA,NA,122,NA,NA,NA,"SC","Santa Catarina"
"901",NA,NA,12,2020-03-27,NA,NA,NA,NA,NA,NA,25,NA,NA,NA,"AC","Acre"
"902",NA,NA,27,2020-03-26,NA,NA,NA,NA,NA,NA,11,NA,NA,NA,"AL","Alagoas"
"903",NA,NA,16,2020-03-27,NA,NA,NA,NA,NA,NA,2,NA,NA,NA,"AP","Amapá"
"904",NA,NA,13,2020-03-27,NA,NA,NA,NA,NA,NA,81,NA,NA,NA,"AM","Amazonas"
"905",NA,NA,29,2020-03-27,NA,NA,NA,NA,NA,NA,115,NA,NA,NA,"BA","Bahia"
"906",NA,NA,23,2020-03-27,NA,NA,NA,NA,NA,NA,282,NA,NA,NA,"CE","Ceará"
"907",NA,NA,53,2020-03-27,NA,NA,NA,NA,NA,NA,230,NA,NA,NA,"DF","Distrito Federal"
"908",NA,NA,32,2020-03-27,NA,NA,NA,NA,NA,NA,47,NA,NA,NA,"ES","Espírito Santo"
"909",NA,NA,52,2020-03-27,NA,NA,NA,NA,NA,NA,49,NA,NA,NA,"GO","Goiás"
"910",NA,NA,21,2020-03-27,NA,NA,NA,NA,NA,NA,13,NA,NA,NA,"MA","Maranhão"
"911",NA,NA,51,2020-03-27,NA,NA,NA,NA,NA,NA,11,NA,NA,NA,"MT","Mato Grosso"
"912",NA,NA,50,2020-03-27,NA,NA,NA,NA,NA,NA,28,NA,NA,NA,"MS","Mato Grosso do Sul"
"913",NA,NA,31,2020-03-27,NA,NA,NA,NA,NA,NA,189,NA,NA,NA,"MG","Minas Gerais"
"914",NA,NA,41,2020-03-27,NA,NA,NA,NA,NA,NA,119,NA,NA,NA,"PR","Paraná"
"915",NA,NA,25,2020-03-27,NA,NA,NA,NA,NA,NA,9,NA,NA,NA,"PB","Paraíba"
"916",NA,NA,15,2020-03-27,NA,NA,NA,NA,NA,NA,13,NA,NA,NA,"PA","Pará"
"917",NA,NA,26,2020-03-27,NA,NA,NA,NA,NA,NA,56,NA,NA,NA,"PE","Pernambuco"
"918",NA,NA,22,2020-03-27,NA,NA,NA,NA,NA,NA,9,NA,NA,NA,"PI","Piauí"
"919",NA,NA,24,2020-03-27,NA,NA,NA,NA,NA,NA,28,NA,NA,NA,"RN","Rio Grande do Norte"
"920",NA,NA,43,2020-03-27,NA,NA,NA,NA,NA,NA,195,NA,NA,NA,"RS","Rio Grande do Sul"
"921",NA,NA,33,2020-03-27,NA,NA,NA,NA,NA,NA,493,NA,NA,NA,"RJ","Rio de Janeiro"
"922",NA,NA,11,2020-03-27,NA,NA,NA,NA,NA,NA,6,NA,NA,NA,"RO","Rondônia"
"923",NA,NA,14,2020-03-27,NA,NA,NA,NA,NA,NA,10,NA,NA,NA,"RR","Roraima"
"924",NA,NA,42,2020-03-27,NA,NA,NA,NA,NA,NA,149,NA,NA,NA,"SC","Santa Catarina"
"925",NA,NA,28,2020-03-27,NA,NA,NA,NA,NA,NA,16,NA,NA,NA,"SE","Sergipe"
"926",NA,NA,35,2020-03-27,NA,NA,NA,NA,NA,NA,1223,NA,NA,NA,"SP","São Paulo"
"927",NA,NA,17,2020-03-27,NA,NA,NA,NA,NA,NA,8,NA,NA,NA,"TO","Tocantins"
