"geocode","date","time","suspects","refuses","confirmado","deads","local","cases","comments","broadcast","deaths","uadm","uf"
23,2020-01-30,"16:00",1,0,0,0,"0",0,"0","0",0,"Ceará","CE"
31,2020-01-30,"16:00",1,0,0,0,"0",0,"0","0",0,"Minas Gerais","MG"
33,2020-01-30,"16:00",1,0,0,0,"0",0,"0","0",0,"Rio de Janeiro","RJ"
35,2020-01-30,"16:00",3,1,0,0,"0",0,"0","0",0,"São Paulo","SP"
41,2020-01-30,"16:00",1,1,0,0,"0",0,"0","0",0,"Paraná","PR"
42,2020-01-30,"16:00",0,2,0,0,"0",0,"0","0",0,"Santa Catarina","SC"
43,2020-01-30,"16:00",2,2,0,0,"0",0,"0","0",0,"Rio Grande do Sul","RS"
23,2020-01-31,"12:00",1,0,0,0,"0",0,"0","0",0,"Ceará","CE"
31,2020-01-31,"12:00",1,0,0,0,"0",0,"0","0",0,"Minas Gerais","MG"
33,2020-01-31,"12:00",0,1,0,0,"0",0,"0","0",0,"Rio de Janeiro","RJ"
35,2020-01-31,"12:00",7,2,0,0,"0",0,"0","0",0,"São Paulo","SP"
41,2020-01-31,"12:00",1,1,0,0,"0",0,"0","0",0,"Paraná","PR"
42,2020-01-31,"12:00",1,2,0,0,"0",0,"0","0",0,"Santa Catarina","SC"
43,2020-01-31,"12:00",2,3,0,0,"0",0,"0","0",0,"Rio Grande do Sul","RS"
23,2020-02-01,"12:00",1,0,0,0,"0",0,"0","0",0,"Ceará","CE"
31,2020-02-01,"12:00",0,1,0,0,"0",0,"0","0",0,"Minas Gerais","MG"
33,2020-02-01,"12:00",0,1,0,0,"0",0,"0","0",0,"Rio de Janeiro","RJ"
35,2020-02-01,"12:00",8,2,0,0,"0",0,"0","0",0,"São Paulo","SP"
41,2020-02-01,"12:00",1,1,0,0,"0",0,"0","0",0,"Paraná","PR"
42,2020-02-01,"12:00",2,2,0,0,"0",0,"0","0",0,"Santa Catarina","SC"
43,2020-02-01,"12:00",4,3,0,0,"0",0,"0","0",0,"Rio Grande do Sul","RS"
23,2020-02-02,"12:00",1,0,0,0,"0",0,"0","0",0,"Ceará","CE"
31,2020-02-02,"12:00",0,1,0,0,"0",0,"0","0",0,"Minas Gerais","MG"
33,2020-02-02,"12:00",0,1,0,0,"0",0,"0","0",0,"Rio de Janeiro","RJ"
35,2020-02-02,"12:00",8,2,0,0,"0",0,"0","0",0,"São Paulo","SP"
41,2020-02-02,"12:00",1,1,0,0,"0",0,"0","0",0,"Paraná","PR"
42,2020-02-02,"12:00",2,2,0,0,"0",0,"0","0",0,"Santa Catarina","SC"
43,2020-02-02,"12:00",4,3,0,0,"0",0,"0","0",0,"Rio Grande do Sul","RS"
23,2020-02-03,"16:00",0,1,0,0,"0",0,"0","0",0,"Ceará","CE"
31,2020-02-03,"16:00",0,1,0,0,"0",0,"0","0",0,"Minas Gerais","MG"
33,2020-02-03,"16:00",1,1,0,0,"0",0,"0","0",0,"Rio de Janeiro","RJ"
35,2020-02-03,"16:00",7,3,0,0,"0",0,"0","0",0,"São Paulo","SP"
41,2020-02-03,"16:00",0,2,0,0,"0",0,"0","0",0,"Paraná","PR"
42,2020-02-03,"16:00",2,2,0,0,"0",0,"0","0",0,"Santa Catarina","SC"
43,2020-02-03,"16:00",4,3,0,0,"0",0,"0","0",0,"Rio Grande do Sul","RS"
23,2020-02-04,"15:00",0,1,0,0,"0",0,"0","0",0,"Ceará","CE"
31,2020-02-04,"15:00",0,1,0,0,"0",0,"0","0",0,"Minas Gerais","MG"
33,2020-02-04,"15:00",1,2,0,0,"0",0,"0","0",0,"Rio de Janeiro","RJ"
35,2020-02-04,"15:00",6,5,0,0,"0",0,"0","0",0,"São Paulo","SP"
41,2020-02-04,"15:00",0,2,0,0,"0",0,"0","0",0,"Paraná","PR"
42,2020-02-04,"15:00",2,2,0,0,"0",0,"0","0",0,"Santa Catarina","SC"
43,2020-02-04,"15:00",4,3,0,0,"0",0,"0","0",0,"Rio Grande do Sul","RS"
23,2020-02-05,"12:00",0,1,0,0,"0",0,"0","0",0,"Ceará","CE"
31,2020-02-05,"12:00",0,1,0,0,"0",0,"0","0",0,"Minas Gerais","MG"
33,2020-02-05,"12:00",1,2,0,0,"0",0,"0","0",0,"Rio de Janeiro","RJ"
35,2020-02-05,"12:00",4,9,0,0,"0",0,"0","0",0,"São Paulo","SP"
41,2020-02-05,"12:00",0,2,0,0,"0",0,"0","0",0,"Paraná","PR"
42,2020-02-05,"12:00",1,3,0,0,"0",0,"0","0",0,"Santa Catarina","SC"
43,2020-02-05,"12:00",5,3,0,0,"0",0,"0","0",0,"Rio Grande do Sul","RS"
23,2020-02-06,"15:30",0,1,0,0,"0",0,"0","0",0,"Ceará","CE"
31,2020-02-06,"15:30",1,1,0,0,"0",0,"0","0",0,"Minas Gerais","MG"
33,2020-02-06,"15:30",1,2,0,0,"0",0,"0","0",0,"Rio de Janeiro","RJ"
35,2020-02-06,"15:30",3,10,0,0,"0",0,"0","0",0,"São Paulo","SP"
41,2020-02-06,"15:30",0,2,0,0,"0",0,"0","0",0,"Paraná","PR"
42,2020-02-06,"15:30",1,3,0,0,"0",0,"0","0",0,"Santa Catarina","SC"
43,2020-02-06,"15:30",3,5,0,0,"0",0,"0","0",0,"Rio Grande do Sul","RS"
23,2020-02-07,"15:30",0,1,0,0,"0",0,"0","0",0,"Ceará","CE"
31,2020-02-07,"15:30",1,1,0,0,"0",0,"0","0",0,"Minas Gerais","MG"
33,2020-02-07,"15:30",1,2,0,0,"0",0,"0","0",0,"Rio de Janeiro","RJ"
35,2020-02-07,"15:30",3,11,0,0,"0",0,"0","0",0,"São Paulo","SP"
41,2020-02-07,"15:30",0,2,0,0,"0",0,"0","0",0,"Paraná","PR"
42,2020-02-07,"15:30",1,3,0,0,"0",0,"0","0",0,"Santa Catarina","SC"
43,2020-02-07,"15:30",2,6,0,0,"0",0,"0","0",0,"Rio Grande do Sul","RS"
23,2020-02-08,"13:30",0,1,0,0,"0",0,"0","0",0,"Ceará","CE"
31,2020-02-08,"13:30",1,1,0,0,"0",0,"0","0",0,"Minas Gerais","MG"
33,2020-02-08,"13:30",1,2,0,0,"0",0,"0","0",0,"Rio de Janeiro","RJ"
35,2020-02-08,"13:30",2,13,0,0,"0",0,"0","0",0,"São Paulo","SP"
41,2020-02-08,"13:30",0,2,0,0,"0",0,"0","0",0,"Paraná","PR"
42,2020-02-08,"13:30",1,3,0,0,"0",0,"0","0",0,"Santa Catarina","SC"
43,2020-02-08,"13:30",3,6,0,0,"0",0,"0","0",0,"Rio Grande do Sul","RS"
23,2020-02-09,"13:30",0,1,0,0,"0",0,"0","0",0,"Ceará","CE"
31,2020-02-09,"13:30",1,1,0,0,"0",0,"0","0",0,"Minas Gerais","MG"
33,2020-02-09,"13:30",2,2,0,0,"0",0,"0","0",0,"Rio de Janeiro","RJ"
35,2020-02-09,"13:30",3,13,0,0,"0",0,"0","0",0,"São Paulo","SP"
41,2020-02-09,"13:30",1,2,0,0,"0",0,"0","0",0,"Paraná","PR"
42,2020-02-09,"13:30",1,3,0,0,"0",0,"0","0",0,"Santa Catarina","SC"
43,2020-02-09,"13:30",3,6,0,0,"0",0,"0","0",0,"Rio Grande do Sul","RS"
23,2020-02-10,"15:30",0,1,0,0,"0",0,"0","0",0,"Ceará","CE"
31,2020-02-10,"15:30",1,1,0,0,"0",0,"0","0",0,"Minas Gerais","MG"
33,2020-02-10,"15:30",1,3,0,0,"0",0,"0","0",0,"Rio de Janeiro","RJ"
35,2020-02-10,"15:30",3,13,0,0,"0",0,"0","0",0,"São Paulo","SP"
41,2020-02-10,"15:30",1,2,0,0,"0",0,"0","0",0,"Paraná","PR"
42,2020-02-10,"15:30",0,4,0,0,"0",0,"0","0",0,"Santa Catarina","SC"
43,2020-02-10,"15:30",1,8,0,0,"0",0,"0","0",0,"Rio Grande do Sul","RS"
23,2020-02-11,"16:00",0,1,0,0,"0",0,"0","0",0,"Ceará","CE"
31,2020-02-11,"16:00",1,1,0,0,"0",0,"0","0",0,"Minas Gerais","MG"
33,2020-02-11,"16:00",2,3,0,0,"0",0,"0","0",0,"Rio de Janeiro","RJ"
35,2020-02-11,"16:00",3,14,0,0,"0",0,"0","0",0,"São Paulo","SP"
41,2020-02-11,"16:00",1,2,0,0,"0",0,"0","0",0,"Paraná","PR"
42,2020-02-11,"16:00",0,4,0,0,"0",0,"0","0",0,"Santa Catarina","SC"
43,2020-02-11,"16:00",1,8,0,0,"0",0,"0","0",0,"Rio Grande do Sul","RS"
23,2020-02-12,"16:00",0,1,0,0,"0",0,"0","0",0,"Ceará","CE"
31,2020-02-12,"16:00",1,1,0,0,"0",0,"0","0",0,"Minas Gerais","MG"
33,2020-02-12,"16:00",2,3,0,0,"0",0,"0","0",0,"Rio de Janeiro","RJ"
35,2020-02-12,"16:00",6,14,0,0,"0",0,"0","0",0,"São Paulo","SP"
41,2020-02-12,"16:00",1,2,0,0,"0",0,"0","0",0,"Paraná","PR"
42,2020-02-12,"16:00",0,4,0,0,"0",0,"0","0",0,"Santa Catarina","SC"
43,2020-02-12,"16:00",1,8,0,0,"0",0,"0","0",0,"Rio Grande do Sul","RS"
23,2020-02-13,"16:00",0,1,0,0,"0",0,"0","0",0,"Ceará","CE"
31,2020-02-13,"16:00",0,2,0,0,"0",0,"0","0",0,"Minas Gerais","MG"
33,2020-02-13,"16:00",0,5,0,0,"0",0,"0","0",0,"Rio de Janeiro","RJ"
35,2020-02-13,"16:00",3,17,0,0,"0",0,"0","0",0,"São Paulo","SP"
41,2020-02-13,"16:00",1,2,0,0,"0",0,"0","0",0,"Paraná","PR"
42,2020-02-13,"16:00",0,4,0,0,"0",0,"0","0",0,"Santa Catarina","SC"
43,2020-02-13,"16:00",2,8,0,0,"0",0,"0","0",0,"Rio Grande do Sul","RS"
53,2020-02-13,"16:00",0,1,0,0,"0",0,"0","0",0,"Distrito Federal","DF"
23,2020-02-14,"16:00",0,1,0,0,"0",0,"0","0",0,"Ceará","CE"
31,2020-02-14,"16:00",0,2,0,0,"0",0,"0","0",0,"Minas Gerais","MG"
33,2020-02-14,"16:00",0,5,0,0,"0",0,"0","0",0,"Rio de Janeiro","RJ"
35,2020-02-14,"16:00",1,20,0,0,"0",0,"0","0",0,"São Paulo","SP"
41,2020-02-14,"16:00",1,2,0,0,"0",0,"0","0",0,"Paraná","PR"
42,2020-02-14,"16:00",0,4,0,0,"0",0,"0","0",0,"Santa Catarina","SC"
43,2020-02-14,"16:00",2,8,0,0,"0",0,"0","0",0,"Rio Grande do Sul","RS"
53,2020-02-14,"16:00",0,1,0,0,"0",0,"0","0",0,"Distrito Federal","DF"
23,2020-02-15,"14:00",0,1,0,0,"0",0,"0","0",0,"Ceará","CE"
31,2020-02-15,"14:00",0,2,0,0,"0",0,"0","0",0,"Minas Gerais","MG"
33,2020-02-15,"14:00",0,5,0,0,"0",0,"0","0",0,"Rio de Janeiro","RJ"
35,2020-02-15,"14:00",2,20,0,0,"0",0,"0","0",0,"São Paulo","SP"
41,2020-02-15,"14:00",0,3,0,0,"0",0,"0","0",0,"Paraná","PR"
42,2020-02-15,"14:00",0,4,0,0,"0",0,"0","0",0,"Santa Catarina","SC"
43,2020-02-15,"14:00",1,9,0,0,"0",0,"0","0",0,"Rio Grande do Sul","RS"
53,2020-02-15,"14:00",0,1,0,0,"0",0,"0","0",0,"Distrito Federal","DF"
23,2020-02-16,"12:00",0,1,0,0,"0",0,"0","0",0,"Ceará","CE"
31,2020-02-16,"12:00",0,2,0,0,"0",0,"0","0",0,"Minas Gerais","MG"
33,2020-02-16,"12:00",0,5,0,0,"0",0,"0","0",0,"Rio de Janeiro","RJ"
35,2020-02-16,"12:00",2,20,0,0,"0",0,"0","0",0,"São Paulo","SP"
41,2020-02-16,"12:00",0,3,0,0,"0",0,"0","0",0,"Paraná","PR"
42,2020-02-16,"12:00",0,4,0,0,"0",0,"0","0",0,"Santa Catarina","SC"
43,2020-02-16,"12:00",1,9,0,0,"0",0,"0","0",0,"Rio Grande do Sul","RS"
53,2020-02-16,"12:00",0,1,0,0,"0",0,"0","0",0,"Distrito Federal","DF"
23,2020-02-17,"15:50",0,1,0,0,"0",0,"0","0",0,"Ceará","CE"
31,2020-02-17,"15:50",0,2,0,0,"0",0,"0","0",0,"Minas Gerais","MG"
33,2020-02-17,"15:50",0,5,0,0,"0",0,"0","0",0,"Rio de Janeiro","RJ"
35,2020-02-17,"15:50",2,20,0,0,"0",0,"0","0",0,"São Paulo","SP"
41,2020-02-17,"15:50",0,3,0,0,"0",0,"0","0",0,"Paraná","PR"
42,2020-02-17,"15:50",0,4,0,0,"0",0,"0","0",0,"Santa Catarina","SC"
43,2020-02-17,"15:50",1,9,0,0,"0",0,"0","0",0,"Rio Grande do Sul","RS"
53,2020-02-17,"15:50",0,1,0,0,"0",0,"0","0",0,"Distrito Federal","DF"
23,2020-02-18,"15:50",0,1,0,0,"0",0,"0","0",0,"Ceará","CE"
31,2020-02-18,"15:50",0,2,0,0,"0",0,"0","0",0,"Minas Gerais","MG"
33,2020-02-18,"15:50",0,5,0,0,"0",0,"0","0",0,"Rio de Janeiro","RJ"
35,2020-02-18,"15:50",4,20,0,0,"0",0,"0","0",0,"São Paulo","SP"
41,2020-02-18,"15:50",0,3,0,0,"0",0,"0","0",0,"Paraná","PR"
42,2020-02-18,"15:50",0,4,0,0,"0",0,"0","0",0,"Santa Catarina","SC"
43,2020-02-18,"15:50",1,9,0,0,"0",0,"0","0",0,"Rio Grande do Sul","RS"
53,2020-02-18,"15:50",0,1,0,0,"FALSE",0,"0","0",0,"Distrito Federal","DF"
23,2020-02-19,"15:50",0,1,0,0,"0",0,"0","0",0,"Ceará","CE"
31,2020-02-19,"15:50",0,2,0,0,"0",0,"0","0",0,"Minas Gerais","MG"
33,2020-02-19,"15:50",0,5,0,0,"0",0,"0","0",0,"Rio de Janeiro","RJ"
35,2020-02-19,"15:50",1,23,0,0,"0",0,"0","0",0,"São Paulo","SP"
41,2020-02-19,"15:50",0,3,0,0,"0",0,"0","0",0,"Paraná","PR"
42,2020-02-19,"15:50",0,4,0,0,"0",0,"0","0",0,"Santa Catarina","SC"
43,2020-02-19,"15:50",1,9,0,0,"0",0,"0","0",0,"Rio Grande do Sul","RS"
53,2020-02-19,"15:50",0,1,0,0,"0",0,"0","0",0,"Distrito Federal","DF"
23,2020-02-20,"15:50",0,1,0,0,"0",0,"0","0",0,"Ceará","CE"
31,2020-02-20,"15:50",0,2,0,0,"0",0,"0","0",0,"Minas Gerais","MG"
33,2020-02-20,"15:50",0,5,0,0,"0",0,"0","0",0,"Rio de Janeiro","RJ"
35,2020-02-20,"15:50",1,24,0,0,"0",0,"0","0",0,"São Paulo","SP"
41,2020-02-20,"15:50",0,3,0,0,"0",0,"0","0",0,"Paraná","PR"
42,2020-02-20,"15:50",0,4,0,0,"0",0,"0","0",0,"Santa Catarina","SC"
43,2020-02-20,"15:50",0,10,0,0,"0",0,"0","0",0,"Rio Grande do Sul","RS"
53,2020-02-20,"15:50",0,1,0,0,"0",0,"0","0",0,"Distrito Federal","DF"
23,2020-02-21,"14:30",0,1,0,0,"0",0,"0","0",0,"Ceará","CE"
31,2020-02-21,"14:30",0,2,0,0,"0",0,"0","0",0,"Minas Gerais","MG"
33,2020-02-21,"14:30",1,5,0,0,"0",0,"0","0",0,"Rio de Janeiro","RJ"
35,2020-02-21,"14:30",0,25,0,0,"0",0,"0","0",0,"São Paulo","SP"
41,2020-02-21,"14:30",0,3,0,0,"0",0,"0","0",0,"Paraná","PR"
42,2020-02-21,"14:30",0,4,0,0,"0",0,"0","0",0,"Santa Catarina","SC"
43,2020-02-21,"14:30",0,10,0,0,"0",0,"0","0",0,"Rio Grande do Sul","RS"
53,2020-02-21,"14:30",0,1,0,0,"0",0,"0","0",0,"Distrito Federal","DF"
23,2020-02-22,"13:40",0,1,0,0,"0",0,"0","0",0,"Ceará","CE"
31,2020-02-22,"13:40",0,2,0,0,"0",0,"0","0",0,"Minas Gerais","MG"
33,2020-02-22,"13:40",1,6,0,0,"0",0,"0","0",0,"Rio de Janeiro","RJ"
35,2020-02-22,"13:40",0,25,0,0,"0",0,"0","0",0,"São Paulo","SP"
41,2020-02-22,"13:40",0,3,0,0,"0",0,"0","0",0,"Paraná","PR"
42,2020-02-22,"13:40",0,4,0,0,"0",0,"0","0",0,"Santa Catarina","SC"
43,2020-02-22,"13:40",0,10,0,0,"0",0,"0","0",0,"Rio Grande do Sul","RS"
53,2020-02-22,"13:40",0,1,0,0,"0",0,"0","0",0,"Distrito Federal","DF"
23,2020-02-23,"12:30",0,1,0,0,"0",0,"0","0",0,"Ceará","CE"
31,2020-02-23,"12:30",0,2,0,0,"0",0,"0","0",0,"Minas Gerais","MG"
33,2020-02-23,"12:30",1,7,0,0,"0",0,"0","0",0,"Rio de Janeiro","RJ"
35,2020-02-23,"12:30",1,25,0,0,"0",0,"0","0",0,"São Paulo","SP"
41,2020-02-23,"12:30",0,3,0,0,"0",0,"0","0",0,"Paraná","PR"
42,2020-02-23,"12:30",0,4,0,0,"0",0,"0","0",0,"Santa Catarina","SC"
43,2020-02-23,"12:30",0,10,0,0,"0",0,"0","0",0,"Rio Grande do Sul","RS"
53,2020-02-23,"12:30",0,1,0,0,"0",0,"0","0",0,"Distrito Federal","DF"
23,2020-02-24,"12:25",0,1,0,0,"0",0,"0","0",0,"Ceará","CE"
31,2020-02-24,"12:25",0,2,0,0,"0",0,"0","0",0,"Minas Gerais","MG"
33,2020-02-24,"12:25",1,7,0,0,"0",0,"0","0",0,"Rio de Janeiro","RJ"
35,2020-02-24,"12:25",3,26,0,0,"0",0,"0","0",0,"São Paulo","SP"
41,2020-02-24,"12:25",0,3,0,0,"0",0,"0","0",0,"Paraná","PR"
42,2020-02-24,"12:25",0,4,0,0,"0",0,"0","0",0,"Santa Catarina","SC"
43,2020-02-24,"12:25",0,10,0,0,"0",0,"0","0",0,"Rio Grande do Sul","RS"
53,2020-02-24,"12:25",0,1,0,0,"0",0,"0","0",0,"Distrito Federal","DF"
23,2020-02-25,"13:50",0,1,0,0,"0",0,"0","0",0,"Ceará","CE"
31,2020-02-25,"13:50",0,2,0,0,"0",0,"0","0",0,"Minas Gerais","MG"
33,2020-02-25,"13:50",0,8,0,0,"0",0,"0","0",0,"Rio de Janeiro","RJ"
35,2020-02-25,"13:50",4,26,0,0,"0",0,"0","0",0,"São Paulo","SP"
41,2020-02-25,"13:50",0,3,0,0,"0",0,"0","0",0,"Paraná","PR"
42,2020-02-25,"13:50",0,4,0,0,"0",0,"0","0",0,"Santa Catarina","SC"
43,2020-02-25,"13:50",0,10,0,0,"0",0,"0","0",0,"Rio Grande do Sul","RS"
53,2020-02-25,"13:50",0,1,0,0,"0",0,"0","0",0,"Distrito Federal","DF"
23,2020-02-26,"11:30",0,1,0,0,"0",0,"0","0",0,"Ceará","CE"
25,2020-02-26,"11:30",1,0,0,0,"0",0,"0","0",0,"Paraíba","PB"
26,2020-02-26,"11:30",1,0,0,0,"0",0,"0","0",0,"Pernambuco","PE"
29,2020-02-26,"11:30",0,2,0,0,"0",0,"0","0",0,"Bahia","BA"
31,2020-02-26,"11:30",2,2,0,0,"0",0,"0","0",0,"Minas Gerais","MG"
32,2020-02-26,"11:30",1,0,0,0,"0",0,"0","0",0,"Espírito Santo","ES"
33,2020-02-26,"11:30",2,8,0,0,"0",0,"0","0",0,"Rio de Janeiro","RJ"
35,2020-02-26,"11:30",11,28,0,0,"0",1,"0","0",0,"São Paulo","SP"
41,2020-02-26,"11:30",0,3,0,0,"0",0,"0","0",0,"Paraná","PR"
42,2020-02-26,"11:30",2,4,0,0,"0",0,"0","0",0,"Santa Catarina","SC"
43,2020-02-26,"11:30",0,10,0,0,"0",0,"0","0",0,"Rio Grande do Sul","RS"
53,2020-02-26,"11:30",0,1,0,0,"0",0,"0","0",0,"Distrito Federal","DF"
23,2020-02-27,"17:00",5,1,0,0,"0",0,"0","0",0,"Ceará","CE"
24,2020-02-27,"17:00",4,0,0,0,"0",0,"0","0",0,"Rio Grande do Norte","RN"
25,2020-02-27,"17:00",1,0,0,0,"0",0,"0","0",0,"Paraíba","PB"
26,2020-02-27,"17:00",3,0,0,0,"0",0,"0","0",0,"Pernambuco","PE"
27,2020-02-27,"17:00",1,0,0,0,"0",0,"0","0",0,"Alagoas","AL"
29,2020-02-27,"17:00",1,2,0,0,"0",0,"0","0",0,"Bahia","BA"
31,2020-02-27,"17:00",5,3,0,0,"0",0,"0","0",0,"Minas Gerais","MG"
32,2020-02-27,"17:00",1,0,0,0,"0",0,"0","0",0,"Espírito Santo","ES"
33,2020-02-27,"17:00",9,8,0,0,"0",0,"0","0",0,"Rio de Janeiro","RJ"
35,2020-02-27,"17:00",55,28,0,0,"0",1,"0","0",0,"São Paulo","SP"
41,2020-02-27,"17:00",5,3,0,0,"0",0,"0","0",0,"Paraná","PR"
42,2020-02-27,"17:00",8,4,0,0,"0",0,"0","0",0,"Santa Catarina","SC"
43,2020-02-27,"17:00",24,10,0,0,"0",0,"0","0",0,"Rio Grande do Sul","RS"
50,2020-02-27,"17:00",2,0,0,0,"0",0,"0","0",0,"Mato Grosso do Sul","MS"
52,2020-02-27,"17:00",3,0,0,0,"0",0,"0","0",0,"Goiás","GO"
53,2020-02-27,"17:00",5,1,0,0,"0",0,"0","0",0,"Distrito Federal","DF"
23,2020-02-28,"16:10",6,2,0,0,"0",0,"0","0",0,"Ceará","CE"
24,2020-02-28,"16:10",3,2,0,0,"0",0,"0","0",0,"Rio Grande do Norte","RN"
25,2020-02-28,"16:10",1,1,0,0,"0",0,"0","0",0,"Paraíba","PB"
26,2020-02-28,"16:10",5,2,0,0,"0",0,"0","0",0,"Pernambuco","PE"
27,2020-02-28,"16:10",1,0,0,0,"0",0,"0","0",0,"Alagoas","AL"
29,2020-02-28,"16:10",9,4,0,0,"0",0,"0","0",0,"Bahia","BA"
31,2020-02-28,"16:10",17,3,0,0,"0",0,"0","0",0,"Minas Gerais","MG"
32,2020-02-28,"16:10",2,1,0,0,"0",0,"0","0",0,"Espírito Santo","ES"
33,2020-02-28,"16:10",19,8,0,0,"0",0,"0","0",0,"Rio de Janeiro","RJ"
35,2020-02-28,"16:10",66,30,0,0,"0",1,"0","0",0,"São Paulo","SP"
41,2020-02-28,"16:10",5,3,0,0,"0",0,"0","0",0,"Paraná","PR"
42,2020-02-28,"16:10",9,4,0,0,"0",0,"0","0",0,"Santa Catarina","SC"
43,2020-02-28,"16:10",27,10,0,0,"0",0,"0","0",0,"Rio Grande do Sul","RS"
50,2020-02-28,"16:10",2,0,0,0,"0",0,"0","0",0,"Mato Grosso do Sul","MS"
52,2020-02-28,"16:10",5,0,0,0,"0",0,"0","0",0,"Goiás","GO"
53,2020-02-28,"16:10",5,1,0,0,"0",0,"0","0",0,"Distrito Federal","DF"
23,2020-02-29,"19:05",6,2,0,0,"0",0,"0","0",0,"Ceará","CE"
24,2020-02-29,"19:05",3,2,0,0,"0",0,"0","0",0,"Rio Grande do Norte","RN"
25,2020-02-29,"19:05",1,1,0,0,"0",0,"0","0",0,"Paraíba","PB"
26,2020-02-29,"19:05",5,2,0,0,"0",0,"0","0",0,"Pernambuco","PE"
27,2020-02-29,"19:05",1,0,0,0,"0",0,"0","0",0,"Alagoas","AL"
29,2020-02-29,"19:05",9,4,0,0,"0",0,"0","0",0,"Bahia","BA"
31,2020-02-29,"19:05",17,3,0,0,"0",0,"0","0",0,"Minas Gerais","MG"
32,2020-02-29,"19:05",2,1,0,0,"0",0,"0","0",0,"Espírito Santo","ES"
33,2020-02-29,"19:05",19,8,0,0,"0",0,"0","0",0,"Rio de Janeiro","RJ"
35,2020-02-29,"19:05",91,38,0,0,"0",2,"0","0",0,"São Paulo","SP"
41,2020-02-29,"19:05",5,3,0,0,"0",0,"0","0",0,"Paraná","PR"
42,2020-02-29,"19:05",9,4,0,0,"0",0,"0","0",0,"Santa Catarina","SC"
43,2020-02-29,"19:05",27,10,0,0,"0",0,"0","0",0,"Rio Grande do Sul","RS"
50,2020-02-29,"19:05",2,0,0,0,"0",0,"0","0",0,"Mato Grosso do Sul","MS"
52,2020-02-29,"19:05",5,0,0,0,"0",0,"0","0",0,"Goiás","GO"
53,2020-02-29,"19:05",5,1,0,0,"0",0,"0","0",0,"Distrito Federal","DF"
23,2020-03-01,"15:05",6,2,0,0,"0",0,"0","0",0,"Ceará","CE"
24,2020-03-01,"15:05",3,2,0,0,"0",0,"0","0",0,"Rio Grande do Norte","RN"
25,2020-03-01,"15:05",1,1,0,0,"0",0,"0","0",0,"Paraíba","PB"
26,2020-03-01,"15:05",5,2,0,0,"0",0,"0","0",0,"Pernambuco","PE"
27,2020-03-01,"15:05",1,0,0,0,"0",0,"0","0",0,"Alagoas","AL"
29,2020-03-01,"15:05",9,4,0,0,"0",0,"0","0",0,"Bahia","BA"
31,2020-03-01,"15:05",17,3,0,0,"0",0,"0","0",0,"Minas Gerais","MG"
32,2020-03-01,"15:05",2,1,0,0,"0",0,"0","0",0,"Espírito Santo","ES"
33,2020-03-01,"15:05",19,8,0,0,"0",0,"0","0",0,"Rio de Janeiro","RJ"
35,2020-03-01,"15:05",136,48,0,0,"0",2,"0","0",0,"São Paulo","SP"
41,2020-03-01,"15:05",5,3,0,0,"0",0,"0","0",0,"Paraná","PR"
42,2020-03-01,"15:05",9,4,0,0,"0",0,"0","0",0,"Santa Catarina","SC"
43,2020-03-01,"15:05",27,10,0,0,"0",0,"0","0",0,"Rio Grande do Sul","RS"
50,2020-03-01,"15:05",2,0,0,0,"0",0,"0","0",0,"Mato Grosso do Sul","MS"
52,2020-03-01,"15:05",5,0,0,0,"0",0,"0","0",0,"Goiás","GO"
53,2020-03-01,"15:05",5,1,0,0,"0",0,"0","0",0,"Distrito Federal","DF"
11,2020-03-02,"16:30",1,0,0,0,"0",0,"0","0",0,"Rondônia","RO"
13,2020-03-02,"16:30",1,1,0,0,"0",0,"0","0",0,"Amazonas","AM"
15,2020-03-02,"16:30",2,2,0,0,"0",0,"0","0",0,"Pará","PA"
21,2020-03-02,"16:30",1,1,0,0,"0",0,"0","0",0,"Maranhão","MA"
22,2020-03-02,"16:30",1,2,0,0,"0",0,"0","0",0,"Piauí","PI"
23,2020-03-02,"16:30",6,6,0,0,"0",0,"0","0",0,"Ceará","CE"
24,2020-03-02,"16:30",2,6,0,0,"0",0,"0","0",0,"Rio Grande do Norte","RN"
25,2020-03-02,"16:30",2,1,0,0,"0",0,"0","0",0,"Paraíba","PB"
26,2020-03-02,"16:30",4,10,0,0,"0",0,"0","0",0,"Pernambuco","PE"
27,2020-03-02,"16:30",3,1,0,0,"0",0,"0","0",0,"Alagoas","AL"
28,2020-03-02,"16:30",1,0,0,0,"0",0,"0","0",0,"Sergipe","SE"
29,2020-03-02,"16:30",9,14,0,0,"0",0,"0","0",0,"Bahia","BA"
31,2020-03-02,"16:30",48,4,0,0,"0",0,"0","0",0,"Minas Gerais","MG"
32,2020-03-02,"16:30",5,6,0,0,"0",0,"0","0",0,"Espírito Santo","ES"
33,2020-03-02,"16:30",42,27,0,0,"0",0,"0","0",0,"Rio de Janeiro","RJ"
35,2020-03-02,"16:30",163,48,0,0,"0",2,"0","0",0,"São Paulo","SP"
41,2020-03-02,"16:30",7,8,0,0,"0",0,"0","0",0,"Paraná","PR"
42,2020-03-02,"16:30",36,4,0,0,"0",0,"0","0",0,"Santa Catarina","SC"
43,2020-03-02,"16:30",73,10,0,0,"0",0,"0","0",0,"Rio Grande do Sul","RS"
50,2020-03-02,"16:30",6,1,0,0,"0",0,"0","0",0,"Mato Grosso do Sul","MS"
51,2020-03-02,"16:30",5,0,0,0,"0",0,"0","0",0,"Mato Grosso","MT"
52,2020-03-02,"16:30",3,7,0,0,"0",0,"0","0",0,"Goiás","GO"
53,2020-03-02,"16:30",12,3,0,0,"0",0,"0","0",0,"Distrito Federal","DF"
11,2020-03-03,"15:50",1,0,0,0,"0",0,"0","0",0,"Rondônia","RO"
13,2020-03-03,"15:50",3,1,0,0,"0",0,"0","0",0,"Amazonas","AM"
15,2020-03-03,"15:50",1,4,0,0,"0",0,"0","0",0,"Pará","PA"
21,2020-03-03,"15:50",1,1,0,0,"0",0,"0","0",0,"Maranhão","MA"
22,2020-03-03,"15:50",1,2,0,0,"0",0,"0","0",0,"Piauí","PI"
23,2020-03-03,"15:50",19,9,0,0,"0",0,"0","0",0,"Ceará","CE"
24,2020-03-03,"15:50",2,6,0,0,"0",0,"0","0",0,"Rio Grande do Norte","RN"
25,2020-03-03,"15:50",4,1,0,0,"0",0,"0","0",0,"Paraíba","PB"
26,2020-03-03,"15:50",4,11,0,0,"0",0,"0","0",0,"Pernambuco","PE"
27,2020-03-03,"15:50",5,1,0,0,"0",0,"0","0",0,"Alagoas","AL"
28,2020-03-03,"15:50",1,0,0,0,"0",0,"0","0",0,"Sergipe","SE"
29,2020-03-03,"15:50",21,16,0,0,"0",0,"0","0",0,"Bahia","BA"
31,2020-03-03,"15:50",58,6,0,0,"0",0,"0","0",0,"Minas Gerais","MG"
32,2020-03-03,"15:50",5,6,0,0,"0",0,"0","0",0,"Espírito Santo","ES"
33,2020-03-03,"15:50",62,29,0,0,"0",0,"0","0",0,"Rio de Janeiro","RJ"
35,2020-03-03,"15:50",130,104,0,0,"0",2,"0","0",0,"São Paulo","SP"
41,2020-03-03,"15:50",14,8,0,0,"0",0,"0","0",0,"Paraná","PR"
42,2020-03-03,"15:50",43,4,0,0,"0",0,"0","0",0,"Santa Catarina","SC"
43,2020-03-03,"15:50",82,20,0,0,"0",0,"0","0",0,"Rio Grande do Sul","RS"
50,2020-03-03,"15:50",6,1,0,0,"0",0,"0","0",0,"Mato Grosso do Sul","MS"
51,2020-03-03,"15:50",6,0,0,0,"0",0,"0","0",0,"Mato Grosso","MT"
52,2020-03-03,"15:50",7,7,0,0,"0",0,"0","0",0,"Goiás","GO"
53,2020-03-03,"15:50",12,3,0,0,"0",0,"0","0",0,"Distrito Federal","DF"
11,2020-03-04,"17:15",1,0,0,0,"0",0,"0","0",0,"Rondônia","RO"
13,2020-03-04,"17:15",4,1,0,0,"0",0,"0","0",0,"Amazonas","AM"
15,2020-03-04,"17:15",1,4,0,0,"0",0,"0","0",0,"Pará","PA"
21,2020-03-04,"17:15",0,2,0,0,"0",0,"0","0",0,"Maranhão","MA"
22,2020-03-04,"17:15",1,2,0,0,"0",0,"0","0",0,"Piauí","PI"
23,2020-03-04,"17:15",14,18,0,0,"0",0,"0","0",0,"Ceará","CE"
24,2020-03-04,"17:15",5,6,0,0,"0",0,"0","0",0,"Rio Grande do Norte","RN"
25,2020-03-04,"17:15",4,1,0,0,"0",0,"0","0",0,"Paraíba","PB"
26,2020-03-04,"17:15",6,11,0,0,"0",0,"0","0",0,"Pernambuco","PE"
27,2020-03-04,"17:15",5,1,0,0,"0",0,"0","0",0,"Alagoas","AL"
28,2020-03-04,"17:15",1,0,0,0,"0",0,"0","0",0,"Sergipe","SE"
29,2020-03-04,"17:15",19,21,0,0,"0",0,"0","0",0,"Bahia","BA"
31,2020-03-04,"17:15",82,6,0,0,"0",0,"0","0",0,"Minas Gerais","MG"
32,2020-03-04,"17:15",5,7,0,0,"0",0,"0","0",0,"Espírito Santo","ES"
33,2020-03-04,"17:15",55,52,0,0,"0",0,"0","0",0,"Rio de Janeiro","RJ"
35,2020-03-04,"17:15",135,131,0,0,"0",3,"0","0",0,"São Paulo","SP"
41,2020-03-04,"17:15",13,8,0,0,"0",0,"0","0",0,"Paraná","PR"
42,2020-03-04,"17:15",46,4,0,0,"0",0,"0","0",0,"Santa Catarina","SC"
43,2020-03-04,"17:15",98,20,0,0,"0",0,"0","0",0,"Rio Grande do Sul","RS"
50,2020-03-04,"17:15",10,3,0,0,"0",0,"0","0",0,"Mato Grosso do Sul","MS"
51,2020-03-04,"17:15",6,0,0,0,"0",0,"0","0",0,"Mato Grosso","MT"
52,2020-03-04,"17:15",1,12,0,0,"0",0,"0","0",0,"Goiás","GO"
53,2020-03-04,"17:15",18,5,0,0,"0",0,"0","0",0,"Distrito Federal","DF"
11,2020-03-05,"16:00",1,0,0,0,"0",0,"0","0",0,"Rondônia","RO"
13,2020-03-05,"16:00",5,1,0,0,"0",0,"0","0",0,"Amazonas","AM"
15,2020-03-05,"16:00",1,5,0,0,"0",0,"0","0",0,"Pará","PA"
21,2020-03-05,"16:00",0,2,0,0,"0",0,"0","0",0,"Maranhão","MA"
22,2020-03-05,"16:00",1,2,0,0,"0",0,"0","0",0,"Piauí","PI"
23,2020-03-05,"16:00",16,18,0,0,"0",0,"0","0",0,"Ceará","CE"
24,2020-03-05,"16:00",4,8,0,0,"0",0,"0","0",0,"Rio Grande do Norte","RN"
25,2020-03-05,"16:00",4,1,0,0,"0",0,"0","0",0,"Paraíba","PB"
26,2020-03-05,"16:00",8,12,0,0,"0",0,"0","0",0,"Pernambuco","PE"
27,2020-03-05,"16:00",6,1,0,0,"0",0,"0","0",0,"Alagoas","AL"
28,2020-03-05,"16:00",2,0,0,0,"0",0,"0","0",0,"Sergipe","SE"
29,2020-03-05,"16:00",23,29,0,0,"0",0,"0","0",0,"Bahia","BA"
31,2020-03-05,"16:00",80,12,0,0,"0",0,"0","0",0,"Minas Gerais","MG"
32,2020-03-05,"16:00",5,8,0,0,"0",0,"0","0",0,"Espírito Santo","ES"
33,2020-03-05,"16:00",79,58,0,0,"0",1,"0","0",0,"Rio de Janeiro","RJ"
35,2020-03-05,"16:00",182,159,0,0,"0",6,"1 Portador assintomático","0",0,"São Paulo","SP"
41,2020-03-05,"16:00",20,9,0,0,"0",0,"0","0",0,"Paraná","PR"
42,2020-03-05,"16:00",54,4,0,0,"0",0,"0","0",0,"Santa Catarina","SC"
43,2020-03-05,"16:00",104,25,0,0,"0",0,"0","0",0,"Rio Grande do Sul","RS"
50,2020-03-05,"16:00",11,3,0,0,"0",0,"0","0",0,"Mato Grosso do Sul","MS"
51,2020-03-05,"16:00",6,0,0,0,"0",0,"0","0",0,"Mato Grosso","MT"
52,2020-03-05,"16:00",4,12,0,0,"0",0,"0","0",0,"Goiás","GO"
53,2020-03-05,"16:00",20,9,0,0,"0",0,"0","0",0,"Distrito Federal","DF"
11,2020-03-06,"16:00",1,0,0,0,"0",0,"0","0",0,"Rondônia","RO"
13,2020-03-06,"16:00",2,4,0,0,"0",0,"0","0",0,"Amazonas","AM"
15,2020-03-06,"16:00",4,5,0,0,"0",0,"0","0",0,"Pará","PA"
21,2020-03-06,"16:00",0,2,0,0,"0",0,"0","0",0,"Maranhão","MA"
22,2020-03-06,"16:00",1,2,0,0,"0",0,"0","0",0,"Piauí","PI"
23,2020-03-06,"16:00",12,24,0,0,"0",0,"0","0",0,"Ceará","CE"
24,2020-03-06,"16:00",7,8,0,0,"0",0,"0","0",0,"Rio Grande do Norte","RN"
25,2020-03-06,"16:00",3,3,0,0,"0",0,"0","0",0,"Paraíba","PB"
26,2020-03-06,"16:00",6,14,0,0,"0",0,"0","0",0,"Pernambuco","PE"
27,2020-03-06,"16:00",7,1,0,0,"0",0,"0","0",0,"Alagoas","AL"
28,2020-03-06,"16:00",3,1,0,0,"0",0,"0","0",0,"Sergipe","SE"
29,2020-03-06,"16:00",15,32,0,0,"0",1,"0","0",0,"Bahia","BA"
31,2020-03-06,"16:00",123,17,0,0,"0",0,"0","0",0,"Minas Gerais","MG"
32,2020-03-06,"16:00",1,12,0,0,"0",1,"0","0",0,"Espírito Santo","ES"
33,2020-03-06,"16:00",111,67,0,0,"0",1,"0","0",0,"Rio de Janeiro","RJ"
35,2020-03-06,"16:00",222,189,0,0,"0",10,"1 Portador assintomático","0",0,"São Paulo","SP"
41,2020-03-06,"16:00",25,13,0,0,"0",0,"0","0",0,"Paraná","PR"
42,2020-03-06,"16:00",59,10,0,0,"0",0,"0","0",0,"Santa Catarina","SC"
43,2020-03-06,"16:00",112,41,0,0,"0",0,"0","0",0,"Rio Grande do Sul","RS"
50,2020-03-06,"16:00",8,9,0,0,"0",0,"0","0",0,"Mato Grosso do Sul","MS"
51,2020-03-06,"16:00",6,1,0,0,"0",0,"0","0",0,"Mato Grosso","MT"
52,2020-03-06,"16:00",4,12,0,0,"0",0,"0","0",0,"Goiás","GO"
53,2020-03-06,"16:00",36,13,0,0,"0",0,"0","0",0,"Distrito Federal","DF"
11,2020-03-07,"18:35",1,0,0,0,"0",0,"0","0",0,"Rondônia","RO"
13,2020-03-07,"18:35",2,4,0,0,"0",0,"0","0",0,"Amazonas","AM"
15,2020-03-07,"18:35",4,5,0,0,"0",0,"0","0",0,"Pará","PA"
21,2020-03-07,"18:35",0,2,0,0,"0",0,"0","0",0,"Maranhão","MA"
22,2020-03-07,"18:35",1,2,0,0,"0",0,"0","0",0,"Piauí","PI"
23,2020-03-07,"18:35",13,24,0,0,"0",0,"0","0",0,"Ceará","CE"
24,2020-03-07,"18:35",4,11,0,0,"0",0,"0","0",0,"Rio Grande do Norte","RN"
25,2020-03-07,"18:35",3,3,0,0,"0",0,"0","0",0,"Paraíba","PB"
26,2020-03-07,"18:35",6,14,0,0,"0",0,"0","0",0,"Pernambuco","PE"
27,2020-03-07,"18:35",7,1,0,0,"0",0,"0","0",0,"Alagoas","AL"
28,2020-03-07,"18:35",1,1,0,0,"0",0,"0","0",0,"Sergipe","SE"
29,2020-03-07,"18:35",15,32,0,0,"0",2,"0","0",0,"Bahia","BA"
31,2020-03-07,"18:35",123,17,0,0,"0",0,"0","0",0,"Minas Gerais","MG"
32,2020-03-07,"18:35",1,12,0,0,"0",1,"0","0",0,"Espírito Santo","ES"
33,2020-03-07,"18:35",111,67,0,0,"0",2,"0","0",0,"Rio de Janeiro","RJ"
35,2020-03-07,"18:35",184,246,0,0,"0",13,"1 Portador assintomático","0",0,"São Paulo","SP"
41,2020-03-07,"18:35",20,18,0,0,"0",0,"0","0",0,"Paraná","PR"
42,2020-03-07,"18:35",44,25,0,0,"0",0,"0","0",0,"Santa Catarina","SC"
43,2020-03-07,"18:35",88,75,0,0,"0",0,"0","0",0,"Rio Grande do Sul","RS"
50,2020-03-07,"18:35",6,11,0,0,"0",0,"0","0",0,"Mato Grosso do Sul","MS"
51,2020-03-07,"18:35",6,1,0,0,"0",0,"0","0",0,"Mato Grosso","MT"
52,2020-03-07,"18:35",4,12,0,0,"0",0,"0","0",0,"Goiás","GO"
53,2020-03-07,"18:35",30,19,0,0,"0",1,"0","0",0,"Distrito Federal","DF"
11,2020-03-08,"17:30",1,0,0,0,"0",0,"0","0",0,"Rondônia","RO"
13,2020-03-08,"17:30",2,4,0,0,"0",0,"0","0",0,"Amazonas","AM"
15,2020-03-08,"17:30",3,6,0,0,"0",0,"0","0",0,"Pará","PA"
21,2020-03-08,"17:30",0,2,0,0,"0",0,"0","0",0,"Maranhão","MA"
22,2020-03-08,"17:30",1,2,0,0,"0",0,"0","0",0,"Piauí","PI"
23,2020-03-08,"17:30",11,26,0,0,"0",0,"0","0",0,"Ceará","CE"
24,2020-03-08,"17:30",9,13,0,0,"0",0,"0","0",0,"Rio Grande do Norte","RN"
25,2020-03-08,"17:30",3,3,0,0,"0",0,"0","0",0,"Paraíba","PB"
26,2020-03-08,"17:30",9,18,0,0,"0",0,"0","0",0,"Pernambuco","PE"
27,2020-03-08,"17:30",6,1,0,0,"0",1,"0","0",0,"Alagoas","AL"
28,2020-03-08,"17:30",1,1,0,0,"0",0,"0","0",0,"Sergipe","SE"
29,2020-03-08,"17:30",15,32,0,0,"0",2,"0","TRUE",0,"Bahia","BA"
31,2020-03-08,"17:30",122,17,0,0,"0",1,"0","0",0,"Minas Gerais","MG"
32,2020-03-08,"17:30",1,12,0,0,"0",1,"0","0",0,"Espírito Santo","ES"
33,2020-03-08,"17:30",110,67,0,0,"0",3,"0","0",0,"Rio de Janeiro","RJ"
35,2020-03-08,"17:30",176,258,0,0,"0",16,"1 Portador assintomático","TRUE",0,"São Paulo","SP"
41,2020-03-08,"17:30",22,20,0,0,"0",0,"0","0",0,"Paraná","PR"
42,2020-03-08,"17:30",44,26,0,0,"0",0,"0","0",0,"Santa Catarina","SC"
43,2020-03-08,"17:30",88,75,0,0,"0",0,"0","0",0,"Rio Grande do Sul","RS"
50,2020-03-08,"17:30",6,11,0,0,"0",0,"0","0",0,"Mato Grosso do Sul","MS"
51,2020-03-08,"17:30",5,2,0,0,"0",0,"0","0",0,"Mato Grosso","MT"
52,2020-03-08,"17:30",4,12,0,0,"0",0,"0","0",0,"Goiás","GO"
53,2020-03-08,"17:30",24,24,0,0,"0",1,"0","0",0,"Distrito Federal","DF"
11,2020-03-10,"16:05",2,1,0,0,"0",0,"0","0",0,"Rondônia","RO"
12,2020-03-10,"16:05",3,0,0,0,"0",0,"0","0",0,"Acre","AC"
13,2020-03-10,"16:05",3,4,0,0,"0",0,"0","0",0,"Amazonas","AM"
15,2020-03-10,"16:05",5,12,0,0,"0",0,"0","0",0,"Pará","PA"
21,2020-03-10,"16:05",2,2,0,0,"0",0,"0","0",0,"Maranhão","MA"
22,2020-03-10,"16:05",1,2,0,0,"0",0,"0","0",0,"Piauí","PI"
23,2020-03-10,"16:05",22,42,0,0,"0",0,"0","0",0,"Ceará","CE"
24,2020-03-10,"16:05",15,13,0,0,"0",0,"0","0",0,"Rio Grande do Norte","RN"
25,2020-03-10,"16:05",5,6,0,0,"0",0,"0","0",0,"Paraíba","PB"
26,2020-03-10,"16:05",12,22,0,0,"0",0,"0","0",0,"Pernambuco","PE"
27,2020-03-10,"16:05",6,1,0,0,"0",1,"0","0",0,"Alagoas","AL"
28,2020-03-10,"16:05",2,3,0,0,"0",0,"0","0",0,"Sergipe","SE"
29,2020-03-10,"16:05",46,35,0,0,"0",2,"0","TRUE",0,"Bahia","BA"
31,2020-03-10,"16:05",122,18,0,0,"0",1,"0","0",0,"Minas Gerais","MG"
32,2020-03-10,"16:05",1,12,0,0,"0",1,"0","0",0,"Espírito Santo","ES"
33,2020-03-10,"16:05",119,85,0,0,"0",8,"0","0",0,"Rio de Janeiro","RJ"
35,2020-03-10,"16:05",302,289,0,0,"0",19,"1 Portador assintomático","TRUE",0,"São Paulo","SP"
41,2020-03-10,"16:05",33,20,0,0,"0",0,"0","0",0,"Paraná","PR"
42,2020-03-10,"16:05",42,28,0,0,"0",0,"0","0",0,"Santa Catarina","SC"
43,2020-03-10,"16:05",70,129,0,0,"0",1,"0","0",0,"Rio Grande do Sul","RS"
50,2020-03-10,"16:05",6,11,0,0,"0",0,"0","0",0,"Mato Grosso do Sul","MS"
51,2020-03-10,"16:05",1,7,0,0,"0",0,"0","0",0,"Mato Grosso","MT"
52,2020-03-10,"16:05",14,14,0,0,"0",0,"0","0",0,"Goiás","GO"
53,2020-03-10,"16:05",59,24,0,0,"0",1,"0","0",0,"Distrito Federal","DF"
11,2020-03-11,"16:45",2,1,0,0,"0",0,"0","0",0,"Rondônia","RO"
12,2020-03-11,"16:45",3,0,0,0,"0",0,"0","0",0,"Acre","AC"
13,2020-03-11,"16:45",1,7,0,0,"0",0,"0","0",0,"Amazonas","AM"
15,2020-03-11,"16:45",5,13,0,0,"0",0,"0","0",0,"Pará","PA"
21,2020-03-11,"16:45",6,2,0,0,"0",0,"0","0",0,"Maranhão","MA"
22,2020-03-11,"16:45",1,2,0,0,"0",0,"0","0",0,"Piauí","PI"
23,2020-03-11,"16:45",22,42,0,0,"0",0,"0","0",0,"Ceará","CE"
24,2020-03-11,"16:45",13,14,0,0,"0",0,"0","0",0,"Rio Grande do Norte","RN"
25,2020-03-11,"16:45",7,6,0,0,"0",0,"0","0",0,"Paraíba","PB"
26,2020-03-11,"16:45",17,22,0,0,"0",0,"0","0",0,"Pernambuco","PE"
27,2020-03-11,"16:45",4,7,0,0,"0",1,"0","0",0,"Alagoas","AL"
28,2020-03-11,"16:45",2,3,0,0,"0",0,"0","0",0,"Sergipe","SE"
29,2020-03-11,"16:45",65,36,0,0,"0",2,"0","TRUE",0,"Bahia","BA"
31,2020-03-11,"16:45",117,22,0,0,"0",1,"0","0",0,"Minas Gerais","MG"
32,2020-03-11,"16:45",31,13,0,0,"0",1,"0","0",0,"Espírito Santo","ES"
33,2020-03-11,"16:45",87,133,0,0,"0",13,"0","0",0,"Rio de Janeiro","RJ"
35,2020-03-11,"16:45",263,320,0,0,"0",30,"1 Portador assintomático","TRUE",0,"São Paulo","SP"
41,2020-03-11,"16:45",49,27,0,0,"0",0,"0","0",0,"Paraná","PR"
42,2020-03-11,"16:45",47,32,0,0,"0",0,"0","0",0,"Santa Catarina","SC"
43,2020-03-11,"16:45",67,159,0,0,"0",2,"0","0",0,"Rio Grande do Sul","RS"
50,2020-03-11,"16:45",6,11,0,0,"0",0,"0","0",0,"Mato Grosso do Sul","MS"
51,2020-03-11,"16:45",1,7,0,0,"0",0,"0","0",0,"Mato Grosso","MT"
52,2020-03-11,"16:45",17,28,0,0,"0",0,"0","0",0,"Goiás","GO"
53,2020-03-11,"16:45",74,28,0,0,"0",2,"0","0",0,"Distrito Federal","DF"
11,2020-03-12,"16:20",2,1,0,0,"0",0,"0","0",0,"Rondônia","RO"
12,2020-03-12,"16:20",3,0,0,0,"0",0,"0","0",0,"Acre","AC"
13,2020-03-12,"16:20",1,7,0,0,"0",0,"0","0",0,"Amazonas","AM"
15,2020-03-12,"16:20",5,13,0,0,"0",0,"0","0",0,"Pará","PA"
21,2020-03-12,"16:20",6,2,0,0,"0",0,"0","0",0,"Maranhão","MA"
22,2020-03-12,"16:20",1,2,0,0,"0",0,"0","0",0,"Piauí","PI"
23,2020-03-12,"16:20",22,42,0,0,"0",0,"0","0",0,"Ceará","CE"
24,2020-03-12,"16:20",13,15,0,0,"0",0,"0","0",0,"Rio Grande do Norte","RN"
25,2020-03-12,"16:20",10,6,0,0,"0",0,"0","0",0,"Paraíba","PB"
26,2020-03-12,"16:20",18,23,0,0,"0",2,"0","0",0,"Pernambuco","PE"
27,2020-03-12,"16:20",6,7,0,0,"0",1,"0","0",0,"Alagoas","AL"
28,2020-03-12,"16:20",2,3,0,0,"0",0,"0","0",0,"Sergipe","SE"
29,2020-03-12,"16:20",65,36,0,0,"0",2,"0","TRUE",0,"Bahia","BA"
31,2020-03-12,"16:20",117,22,0,0,"0",1,"0","0",0,"Minas Gerais","MG"
32,2020-03-12,"16:20",51,21,0,0,"0",1,"0","0",0,"Espírito Santo","ES"
33,2020-03-12,"16:20",76,146,0,0,"0",16,"Transmissão comunitária no município do Rio de Janeiro","TRUE",0,"Rio de Janeiro","RJ"
35,2020-03-12,"16:20",704,471,0,0,"0",42,"Transmissão comunitária no município de São Paulo.","TRUE",0,"São Paulo","SP"
41,2020-03-12,"16:20",54,29,0,0,"0",6,"0","0",0,"Paraná","PR"
42,2020-03-12,"16:20",73,34,0,0,"0",0,"0","0",0,"Santa Catarina","SC"
43,2020-03-12,"16:20",81,183,0,0,"0",4,"0","0",0,"Rio Grande do Sul","RS"
50,2020-03-12,"16:20",9,15,0,0,"0",0,"0","0",0,"Mato Grosso do Sul","MS"
51,2020-03-12,"16:20",6,7,0,0,"0",0,"0","0",0,"Mato Grosso","MT"
52,2020-03-12,"16:20",15,34,0,0,"0",0,"0","0",0,"Goiás","GO"
53,2020-03-12,"16:20",82,44,0,0,"0",2,"0","0",0,"Distrito Federal","DF"
11,2020-03-13,"15:45",2,1,0,0,"0",0,"0","0",0,"Rondônia","RO"
12,2020-03-13,"15:45",3,0,0,0,"0",0,"0","0",0,"Acre","AC"
13,2020-03-13,"15:45",1,7,0,0,"0",0,"0","0",0,"Amazonas","AM"
15,2020-03-13,"15:45",1,20,0,0,"0",0,"0","0",0,"Pará","PA"
17,2020-03-13,"15:45",2,0,0,0,"0",0,"0","0",0,"Tocantins","TO"
21,2020-03-13,"15:45",6,2,0,0,"0",0,"0","0",0,"Maranhão","MA"
22,2020-03-13,"15:45",1,2,0,0,"0",0,"0","0",0,"Piauí","PI"
23,2020-03-13,"15:45",22,59,0,0,"0",0,"0","0",0,"Ceará","CE"
24,2020-03-13,"15:45",12,15,0,0,"0",1,"0","0",0,"Rio Grande do Norte","RN"
25,2020-03-13,"15:45",16,6,0,0,"0",0,"0","0",0,"Paraíba","PB"
26,2020-03-13,"15:45",18,23,0,0,"0",2,"0","0",0,"Pernambuco","PE"
27,2020-03-13,"15:45",6,7,0,0,"0",1,"0","0",0,"Alagoas","AL"
28,2020-03-13,"15:45",2,3,0,0,"0",0,"0","0",0,"Sergipe","SE"
29,2020-03-13,"15:45",65,36,0,0,"0",2,"0","TRUE",0,"Bahia","BA"
31,2020-03-13,"15:45",116,73,0,0,"0",2,"0","0",0,"Minas Gerais","MG"
32,2020-03-13,"15:45",51,21,0,0,"0",1,"0","0",0,"Espírito Santo","ES"
33,2020-03-13,"15:45",76,147,0,0,"0",16,"Transmissão comunitária no município do Rio de Janeiro","TRUE",0,"Rio de Janeiro","RJ"
35,2020-03-13,"15:45",753,529,0,0,"0",56,"Transmissão comunitária no município de São Paulo.","TRUE",0,"São Paulo","SP"
41,2020-03-13,"15:45",72,34,0,0,"0",6,"0","0",0,"Paraná","PR"
42,2020-03-13,"15:45",77,34,0,0,"0",2,"0","0",0,"Santa Catarina","SC"
43,2020-03-13,"15:45",81,203,0,0,"0",4,"0","0",0,"Rio Grande do Sul","RS"
50,2020-03-13,"15:45",15,16,0,0,"0",0,"0","0",0,"Mato Grosso do Sul","MS"
51,2020-03-13,"15:45",6,7,0,0,"0",0,"0","0",0,"Mato Grosso","MT"
52,2020-03-13,"15:45",6,46,0,0,"0",3,"0","0",0,"Goiás","GO"
53,2020-03-13,"15:45",75,53,0,0,"0",2,"0","0",0,"Distrito Federal","DF"
11,2020-03-14,"16:25",2,1,0,0,"0",0,"0","0",0,"Rondônia","RO"
12,2020-03-14,"16:25",3,0,0,0,"0",0,"0","0",0,"Acre","AC"
13,2020-03-14,"16:25",1,7,0,0,"0",0,"0","0",0,"Amazonas","AM"
15,2020-03-14,"16:25",1,20,0,0,"0",0,"0","0",0,"Pará","PA"
17,2020-03-14,"16:25",2,0,0,0,"0",0,"0","0",0,"Tocantins","TO"
21,2020-03-14,"16:25",6,2,0,0,"0",0,"0","0",0,"Maranhão","MA"
22,2020-03-14,"16:25",1,2,0,0,"0",0,"0","0",0,"Piauí","PI"
23,2020-03-14,"16:25",22,59,0,0,"0",0,"0","0",0,"Ceará","CE"
24,2020-03-14,"16:25",12,15,0,0,"0",1,"0","0",0,"Rio Grande do Norte","RN"
25,2020-03-14,"16:25",11,11,0,0,"0",0,"0","0",0,"Paraíba","PB"
26,2020-03-14,"16:25",18,23,0,0,"0",2,"0","0",0,"Pernambuco","PE"
27,2020-03-14,"16:25",6,7,0,0,"0",1,"0","0",0,"Alagoas","AL"
28,2020-03-14,"16:25",4,3,0,0,"0",0,"0","0",0,"Sergipe","SE"
29,2020-03-14,"16:25",65,36,0,0,"0",2,"0","TRUE",0,"Bahia","BA"
31,2020-03-14,"16:25",106,85,0,0,"0",2,"0","0",0,"Minas Gerais","MG"
32,2020-03-14,"16:25",51,21,0,0,"0",1,"0","0",0,"Espírito Santo","ES"
33,2020-03-14,"16:25",76,147,0,0,"0",22,"Transmissão comunitária no município do Rio de Janeiro","TRUE",0,"Rio de Janeiro","RJ"
35,2020-03-14,"16:25",752,545,0,0,"0",65,"Transmissão comunitária no município de São Paulo.","TRUE",0,"São Paulo","SP"
41,2020-03-14,"16:25",60,50,0,0,"0",6,"0","0",0,"Paraná","PR"
42,2020-03-14,"16:25",85,39,0,0,"0",4,"0","0",0,"Santa Catarina","SC"
43,2020-03-14,"16:25",80,203,0,0,"0",6,"0","0",0,"Rio Grande do Sul","RS"
50,2020-03-14,"16:25",15,16,0,0,"0",0,"0","0",0,"Mato Grosso do Sul","MS"
51,2020-03-14,"16:25",6,7,0,0,"0",0,"0","0",0,"Mato Grosso","MT"
52,2020-03-14,"16:25",4,49,0,0,"0",3,"0","0",0,"Goiás","GO"
53,2020-03-14,"16:25",107,65,0,0,"0",6,"0","0",0,"Distrito Federal","DF"
11,2020-03-15,"19:15",2,1,0,0,"0",0,"0","0",0,"Rondônia","RO"
12,2020-03-15,"19:15",3,0,0,0,"0",0,"0","0",0,"Acre","AC"
13,2020-03-15,"19:15",0,7,0,0,"0",1,"0","0",0,"Amazonas","AM"
14,2020-03-15,"19:15",2,0,0,0,"0",0,"0","0",0,"Roraima","RR"
15,2020-03-15,"19:15",1,23,0,0,"0",0,"0","0",0,"Pará","PA"
16,2020-03-15,"19:15",1,0,0,0,"0",0,"0","0",0,"Amapá","AP"
17,2020-03-15,"19:15",3,0,0,0,"0",0,"0","0",0,"Tocantins","TO"
21,2020-03-15,"19:15",6,2,0,0,"0",0,"0","0",0,"Maranhão","MA"
22,2020-03-15,"19:15",1,2,0,0,"0",0,"0","0",0,"Piauí","PI"
23,2020-03-15,"19:15",22,59,0,0,"0",0,"0","0",0,"Ceará","CE"
24,2020-03-15,"19:15",14,15,0,0,"0",1,"0","0",0,"Rio Grande do Norte","RN"
25,2020-03-15,"19:15",27,11,0,0,"0",0,"0","0",0,"Paraíba","PB"
26,2020-03-15,"19:15",18,23,0,0,"0",2,"0","0",0,"Pernambuco","PE"
27,2020-03-15,"19:15",14,21,0,0,"0",1,"0","0",0,"Alagoas","AL"
28,2020-03-15,"19:15",1,11,0,0,"0",1,"0","0",0,"Sergipe","SE"
29,2020-03-15,"19:15",65,36,0,0,"0",2,"0","TRUE",0,"Bahia","BA"
31,2020-03-15,"19:15",106,85,0,0,"0",2,"0","0",0,"Minas Gerais","MG"
32,2020-03-15,"19:15",51,21,0,0,"0",1,"0","0",0,"Espírito Santo","ES"
33,2020-03-15,"19:15",95,147,0,0,"0",24,"Transmissão comunitária no município do Rio de Janeiro","TRUE",0,"Rio de Janeiro","RJ"
35,2020-03-15,"19:15",1125,551,0,0,"0",136,"Transmissão comunitária no município de São Paulo.","TRUE",0,"São Paulo","SP"
41,2020-03-15,"19:15",80,50,0,0,"0",6,"0","0",0,"Paraná","PR"
42,2020-03-15,"19:15",102,41,0,0,"0",6,"0","0",0,"Santa Catarina","SC"
43,2020-03-15,"19:15",66,217,0,0,"0",6,"0","0",0,"Rio Grande do Sul","RS"
50,2020-03-15,"19:15",15,16,0,0,"0",0,"0","0",0,"Mato Grosso do Sul","MS"
51,2020-03-15,"19:15",8,7,0,0,"0",0,"0","0",0,"Mato Grosso","MT"
52,2020-03-15,"19:15",4,49,0,0,"0",3,"0","0",0,"Goiás","GO"
53,2020-03-15,"19:15",81,91,0,0,"0",8,"0","0",0,"Distrito Federal","DF"
11,2020-03-16,"15:50",2,1,0,0,"0",0,"0","0",0,"Rondônia","RO"
12,2020-03-16,"15:50",3,0,0,0,"0",0,"0","0",0,"Acre","AC"
13,2020-03-16,"15:50",0,7,0,0,"0",1,"0","0",0,"Amazonas","AM"
14,2020-03-16,"15:50",2,0,0,0,"0",0,"0","0",0,"Roraima","RR"
15,2020-03-16,"15:50",1,22,0,0,"0",0,"0","0",0,"Pará","PA"
16,2020-03-16,"15:50",2,0,0,0,"0",0,"0","0",0,"Amapá","AP"
17,2020-03-16,"15:50",3,0,0,0,"0",0,"0","0",0,"Tocantins","TO"
21,2020-03-16,"15:50",6,2,0,0,"0",0,"0","0",0,"Maranhão","MA"
22,2020-03-16,"15:50",2,3,0,0,"0",0,"0","0",0,"Piauí","PI"
23,2020-03-16,"15:50",22,60,0,0,"0",0,"0","0",0,"Ceará","CE"
24,2020-03-16,"15:50",14,15,0,0,"0",1,"0","0",0,"Rio Grande do Norte","RN"
25,2020-03-16,"15:50",33,15,0,0,"0",0,"0","0",0,"Paraíba","PB"
26,2020-03-16,"15:50",18,23,0,0,"0",2,"0","0",0,"Pernambuco","PE"
27,2020-03-16,"15:50",16,22,0,0,"0",1,"0","0",0,"Alagoas","AL"
28,2020-03-16,"15:50",1,11,0,0,"0",1,"0","0",0,"Sergipe","SE"
29,2020-03-16,"15:50",65,40,0,0,"0",2,"0","TRUE",0,"Bahia","BA"
31,2020-03-16,"15:50",102,88,0,0,"0",5,"0","0",0,"Minas Gerais","MG"
32,2020-03-16,"15:50",50,21,0,0,"0",1,"0","0",0,"Espírito Santo","ES"
33,2020-03-16,"15:50",96,153,0,0,"0",31,"Transmissão comunitária no município do Rio de Janeiro","TRUE",0,"Rio de Janeiro","RJ"
35,2020-03-16,"15:50",1177,623,0,0,"0",152,"Transmissão comunitária no município de São Paulo.","TRUE",0,"São Paulo","SP"
41,2020-03-16,"15:50",85,83,0,0,"0",6,"0","0",0,"Paraná","PR"
42,2020-03-16,"15:50",109,44,0,0,"0",7,"0","0",0,"Santa Catarina","SC"
43,2020-03-16,"15:50",119,218,0,0,"0",6,"0","0",0,"Rio Grande do Sul","RS"
50,2020-03-16,"15:50",12,19,0,0,"0",2,"0","0",0,"Mato Grosso do Sul","MS"
51,2020-03-16,"15:50",14,7,0,0,"0",0,"0","0",0,"Mato Grosso","MT"
52,2020-03-16,"15:50",3,54,0,0,"0",3,"0","0",0,"Goiás","GO"
53,2020-03-16,"15:50",107,93,0,0,"0",13,"0","0",0,"Distrito Federal","DF"
11,2020-03-17,"18:10",38,3,0,0,"0",0,"0","0",0,"Rondônia","RO"
12,2020-03-17,"18:10",8,0,0,0,"0",0,"0","0",0,"Acre","AC"
13,2020-03-17,"18:10",7,19,0,0,"0",1,"0","0",0,"Amazonas","AM"
14,2020-03-17,"18:10",5,0,0,0,"0",0,"0","0",0,"Roraima","RR"
15,2020-03-17,"18:10",21,22,0,0,"0",0,"0","0",0,"Pará","PA"
16,2020-03-17,"18:10",6,0,0,0,"0",0,"0","0",0,"Amapá","AP"
17,2020-03-17,"18:10",11,0,0,0,"0",0,"0","0",0,"Tocantins","TO"
21,2020-03-17,"18:10",52,8,0,0,"0",0,"0","0",0,"Maranhão","MA"
22,2020-03-17,"18:10",14,4,0,0,"0",0,"0","0",0,"Piauí","PI"
23,2020-03-17,"18:10",211,95,0,0,"0",5,"0","0",0,"Ceará","CE"
24,2020-03-17,"18:10",72,21,0,0,"0",1,"0","0",0,"Rio Grande do Norte","RN"
25,2020-03-17,"18:10",48,15,0,0,"0",0,"0","0",0,"Paraíba","PB"
26,2020-03-17,"18:10",71,33,0,0,"0",16,"0","0",0,"Pernambuco","PE"
27,2020-03-17,"18:10",34,20,0,0,"0",1,"0","0",0,"Alagoas","AL"
28,2020-03-17,"18:10",7,12,0,0,"0",4,"0","0",0,"Sergipe","SE"
29,2020-03-17,"18:10",375,59,0,0,"0",3,"0","TRUE",0,"Bahia","BA"
31,2020-03-17,"18:10",563,99,0,0,"0",7,"0","0",0,"Minas Gerais","MG"
32,2020-03-17,"18:10",69,21,0,0,"0",1,"0","0",0,"Espírito Santo","ES"
33,2020-03-17,"18:10",859,194,0,0,"0",33,"Transmissão comunitária no município do Rio de Janeiro","TRUE",0,"Rio de Janeiro","RJ"
35,2020-03-17,"18:10",5047,709,0,0,"0",164,"Transmissão comunitária no município de São Paulo.","TRUE",1,"São Paulo","SP"
41,2020-03-17,"18:10",240,82,0,0,"0",6,"0","0",0,"Paraná","PR"
42,2020-03-17,"18:10",220,55,0,0,"0",7,"0","0",0,"Santa Catarina","SC"
43,2020-03-17,"18:10",300,217,0,0,"0",10,"0","0",0,"Rio Grande do Sul","RS"
50,2020-03-17,"18:10",44,45,0,0,"0",4,"0","0",0,"Mato Grosso do Sul","MS"
51,2020-03-17,"18:10",23,7,0,0,"0",0,"0","0",0,"Mato Grosso","MT"
52,2020-03-17,"18:10",221,54,0,0,"0",6,"0","0",0,"Goiás","GO"
53,2020-03-17,"18:10",253,96,0,0,"0",22,"0","0",0,"Distrito Federal","DF"
11,2020-03-18,"20:00",61,2,0,0,"0",0,"","0",0,"Rondônia","RO"
12,2020-03-18,"20:00",12,0,0,0,"0",0,"","0",0,"Acre","AC"
13,2020-03-18,"20:00",18,26,0,0,"0",1,"","0",0,"Amazonas","AM"
14,2020-03-18,"20:00",9,0,0,0,"0",0,"","0",0,"Roraima","RR"
15,2020-03-18,"20:00",43,23,0,0,"0",0,"","0",0,"Pará","PA"
16,2020-03-18,"20:00",15,0,0,0,"0",0,"","0",0,"Amapá","AP"
17,2020-03-18,"20:00",13,0,0,0,"0",0,"","0",0,"Tocantins","TO"
21,2020-03-18,"20:00",125,13,0,0,"0",0,"","0",0,"Maranhão","MA"
22,2020-03-18,"20:00",12,2,0,0,"0",0,"","0",0,"Piauí","PI"
23,2020-03-18,"20:00",493,89,0,0,"0",9,"","0",0,"Ceará","CE"
24,2020-03-18,"20:00",108,22,0,0,"0",1,"","0",0,"Rio Grande do Norte","RN"
25,2020-03-18,"20:00",85,11,0,0,"0",0,"","0",0,"Paraíba","PB"
26,2020-03-18,"20:00",89,23,0,0,"0",16,"","0",0,"Pernambuco","PE"
27,2020-03-18,"20:00",43,22,0,0,"0",1,"0","0",0,"Alagoas","AL"
28,2020-03-18,"20:00",15,11,0,0,"0",5,"0","0",0,"Sergipe","SE"
29,2020-03-18,"20:00",573,36,0,0,"0",3,"0","TRUE",0,"Bahia","BA"
31,2020-03-18,"20:00",925,104,0,0,"0",15,"0","0",0,"Minas Gerais","MG"
32,2020-03-18,"20:00",71,21,0,0,"0",9,"0","0",0,"Espírito Santo","ES"
33,2020-03-18,"20:00",1254,148,0,0,"0",45,"Transmissão comunitária no município do Rio de Janeiro","TRUE",0,"Rio de Janeiro","RJ"
35,2020-03-18,"20:00",5334,596,0,0,"0",240,"Transmissão comunitária no município de São Paulo.","TRUE",4,"São Paulo","SP"
41,2020-03-18,"20:00",400,119,0,0,"0",13,"0","0",0,"Paraná","PR"
42,2020-03-18,"20:00",346,47,0,0,"0",10,"0","0",0,"Santa Catarina","SC"
43,2020-03-18,"20:00",416,330,0,0,"0",19,"0","0",0,"Rio Grande do Sul","RS"
50,2020-03-18,"20:00",93,26,0,0,"0",7,"0","0",0,"Mato Grosso do Sul","MS"
51,2020-03-18,"20:00",45,8,0,0,"0",0,"0","0",0,"Mato Grosso","MT"
52,2020-03-18,"20:00",353,55,0,0,"0",8,"0","0",0,"Goiás","GO"
53,2020-03-18,"20:00",327,107,0,0,"0",26,"0","0",0,"Distrito Federal","DF"
11,2020-03-19,"",NA,NA,NA,NA,"",0,"","",0,"Rondônia","RO"
12,2020-03-19,"",NA,NA,NA,NA,"",3,"","",0,"Acre","AC"
13,2020-03-19,"",NA,NA,NA,NA,"",3,"","",0,"Amazonas","AM"
14,2020-03-19,"",NA,NA,NA,NA,"",0,"","",0,"Roraima","RR"
15,2020-03-19,"",NA,NA,NA,NA,"",1,"","",0,"Pará","PA"
16,2020-03-19,"",NA,NA,NA,NA,"",0,"","",0,"Amapá","AP"
17,2020-03-19,"",NA,NA,NA,NA,"",1,"","",0,"Tocantins","TO"
21,2020-03-19,"",NA,NA,NA,NA,"",0,"","",0,"Maranhão","MA"
22,2020-03-19,"",NA,NA,NA,NA,"",0,"","",0,"Piauí","PI"
23,2020-03-19,"",NA,NA,NA,NA,"",20,"","",0,"Ceará","CE"
24,2020-03-19,"",NA,NA,NA,NA,"",1,"","",0,"Rio Grande do Norte","RN"
25,2020-03-19,"",NA,NA,NA,NA,"",1,"","",0,"Paraíba","PB"
26,2020-03-19,"",NA,NA,NA,NA,"",28,"","",0,"Pernambuco","PE"
27,2020-03-19,"",NA,NA,NA,NA,"",4,"","",0,"Alagoas","AL"
28,2020-03-19,"",NA,NA,NA,NA,"",6,"","",0,"Sergipe","SE"
29,2020-03-19,"",NA,NA,NA,NA,"",30,"","",0,"Bahia","BA"
31,2020-03-19,"",NA,NA,NA,NA,"",29,"","",0,"Minas Gerais","MG"
32,2020-03-19,"",NA,NA,NA,NA,"",11,"","",0,"Espírito Santo","ES"
33,2020-03-19,"",NA,NA,NA,NA,"",65,"","",2,"Rio de Janeiro","RJ"
35,2020-03-19,"",NA,NA,NA,NA,"",286,"","",4,"São Paulo","SP"
41,2020-03-19,"",NA,NA,NA,NA,"",23,"","",0,"Paraná","PR"
42,2020-03-19,"",NA,NA,NA,NA,"",20,"","",0,"Santa Catarina","SC"
43,2020-03-19,"",NA,NA,NA,NA,"",28,"","",0,"Rio Grande do Sul","RS"
50,2020-03-19,"",NA,NA,NA,NA,"",7,"","",0,"Mato Grosso do Sul","MS"
51,2020-03-19,"",NA,NA,NA,NA,"",0,"","",0,"Mato Grosso","MT"
52,2020-03-19,"",NA,NA,NA,NA,"",12,"","",0,"Goiás","GO"
53,2020-03-19,"",NA,NA,NA,NA,"",42,"","",0,"Distrito Federal","DF"
11,2020-03-20,"",NA,NA,NA,NA,"",1,"","",0,"Rondônia","RO"
12,2020-03-20,"",NA,NA,NA,NA,"",7,"","",0,"Acre","AC"
13,2020-03-20,"",NA,NA,NA,NA,"",3,"","",0,"Amazonas","AM"
14,2020-03-20,"",NA,NA,NA,NA,"",0,"","",0,"Roraima","RR"
15,2020-03-20,"",NA,NA,NA,NA,"",2,"","",0,"Pará","PA"
16,2020-03-20,"",NA,NA,NA,NA,"",1,"","",0,"Amapá","AP"
17,2020-03-20,"",NA,NA,NA,NA,"",1,"","",0,"Tocantins","TO"
21,2020-03-20,"",NA,NA,NA,NA,"",0,"","",0,"Maranhão","MA"
22,2020-03-20,"",NA,NA,NA,NA,"",3,"","",0,"Piauí","PI"
23,2020-03-20,"",NA,NA,NA,NA,"",55,"","",0,"Ceará","CE"
24,2020-03-20,"",NA,NA,NA,NA,"",1,"","",0,"Rio Grande do Norte","RN"
25,2020-03-20,"",NA,NA,NA,NA,"",1,"","",0,"Paraíba","PB"
26,2020-03-20,"",NA,NA,NA,NA,"",30,"","",0,"Pernambuco","PE"
27,2020-03-20,"",NA,NA,NA,NA,"",5,"","",0,"Alagoas","AL"
28,2020-03-20,"",NA,NA,NA,NA,"",6,"","",0,"Sergipe","SE"
29,2020-03-20,"",NA,NA,NA,NA,"",33,"","",0,"Bahia","BA"
31,2020-03-20,"",NA,NA,NA,NA,"",35,"","",0,"Minas Gerais","MG"
32,2020-03-20,"",NA,NA,NA,NA,"",13,"","",0,"Espírito Santo","ES"
33,2020-03-20,"",NA,NA,NA,NA,"",109,"","",2,"Rio de Janeiro","RJ"
35,2020-03-20,"",NA,NA,NA,NA,"",396,"","",9,"São Paulo","SP"
41,2020-03-20,"",NA,NA,NA,NA,"",32,"","",0,"Paraná","PR"
42,2020-03-20,"",NA,NA,NA,NA,"",21,"","",0,"Santa Catarina","SC"
43,2020-03-20,"",NA,NA,NA,NA,"",37,"","",0,"Rio Grande do Sul","RS"
50,2020-03-20,"",NA,NA,NA,NA,"",9,"","",0,"Mato Grosso do Sul","MS"
51,2020-03-20,"",NA,NA,NA,NA,"",1,"","",0,"Mato Grosso","MT"
52,2020-03-20,"",NA,NA,NA,NA,"",15,"","",0,"Goiás","GO"
53,2020-03-20,"",NA,NA,NA,NA,"",87,"","",0,"Distrito Federal","DF"
11,2020-03-21,"",NA,NA,NA,NA,"",1,"","",0,"Rondônia","RO"
12,2020-03-21,"",NA,NA,NA,NA,"",9,"","",0,"Acre","AC"
13,2020-03-21,"",NA,NA,NA,NA,"",11,"","",0,"Amazonas","AM"
14,2020-03-21,"",NA,NA,NA,NA,"",0,"","",0,"Roraima","RR"
15,2020-03-21,"",NA,NA,NA,NA,"",2,"","",0,"Pará","PA"
16,2020-03-21,"",NA,NA,NA,NA,"",1,"","",0,"Amapá","AP"
17,2020-03-21,"",NA,NA,NA,NA,"",2,"","",0,"Tocantins","TO"
21,2020-03-21,"",NA,NA,NA,NA,"",1,"","",0,"Maranhão","MA"
22,2020-03-21,"",NA,NA,NA,NA,"",4,"","",0,"Piauí","PI"
23,2020-03-21,"",NA,NA,NA,NA,"",68,"","",0,"Ceará","CE"
24,2020-03-21,"",NA,NA,NA,NA,"",6,"","",0,"Rio Grande do Norte","RN"
25,2020-03-21,"",NA,NA,NA,NA,"",1,"","",0,"Paraíba","PB"
26,2020-03-21,"",NA,NA,NA,NA,"",30,"","",0,"Pernambuco","PE"
27,2020-03-21,"",NA,NA,NA,NA,"",7,"","",0,"Alagoas","AL"
28,2020-03-21,"",NA,NA,NA,NA,"",10,"","",0,"Sergipe","SE"
29,2020-03-21,"",NA,NA,NA,NA,"",41,"","",0,"Bahia","BA"
31,2020-03-21,"",NA,NA,NA,NA,"",38,"","",0,"Minas Gerais","MG"
32,2020-03-21,"",NA,NA,NA,NA,"",26,"","",0,"Espírito Santo","ES"
33,2020-03-21,"",NA,NA,NA,NA,"",119,"","",3,"Rio de Janeiro","RJ"
35,2020-03-21,"",NA,NA,NA,NA,"",459,"","",15,"São Paulo","SP"
41,2020-03-21,"",NA,NA,NA,NA,"",43,"","",0,"Paraná","PR"
42,2020-03-21,"",NA,NA,NA,NA,"",51,"","",0,"Santa Catarina","SC"
43,2020-03-21,"",NA,NA,NA,NA,"",60,"","",0,"Rio Grande do Sul","RS"
50,2020-03-21,"",NA,NA,NA,NA,"",16,"","",0,"Mato Grosso do Sul","MS"
51,2020-03-21,"",NA,NA,NA,NA,"",2,"","",0,"Mato Grosso","MT"
52,2020-03-21,"",NA,NA,NA,NA,"",20,"","",0,"Goiás","GO"
53,2020-03-21,"",NA,NA,NA,NA,"",100,"","",0,"Distrito Federal","DF"
11,2020-03-22,"",NA,NA,NA,NA,"",3,"","",0,"Rondônia","RO"
12,2020-03-22,"",NA,NA,NA,NA,"",11,"","",0,"Acre","AC"
13,2020-03-22,"",NA,NA,NA,NA,"",26,"","",0,"Amazonas","AM"
14,2020-03-22,"",NA,NA,NA,NA,"",2,"","",0,"Roraima","RR"
15,2020-03-22,"",NA,NA,NA,NA,"",4,"","",0,"Pará","PA"
16,2020-03-22,"",NA,NA,NA,NA,"",1,"","",0,"Amapá","AP"
17,2020-03-22,"",NA,NA,NA,NA,"",2,"","",0,"Tocantins","TO"
21,2020-03-22,"",NA,NA,NA,NA,"",2,"","",0,"Maranhão","MA"
22,2020-03-22,"",NA,NA,NA,NA,"",4,"","",0,"Piauí","PI"
23,2020-03-22,"",NA,NA,NA,NA,"",112,"","",0,"Ceará","CE"
24,2020-03-22,"",NA,NA,NA,NA,"",9,"","",0,"Rio Grande do Norte","RN"
25,2020-03-22,"",NA,NA,NA,NA,"",1,"","",0,"Paraíba","PB"
26,2020-03-22,"",NA,NA,NA,NA,"",37,"","",0,"Pernambuco","PE"
27,2020-03-22,"",NA,NA,NA,NA,"",7,"","",0,"Alagoas","AL"
28,2020-03-22,"",NA,NA,NA,NA,"",10,"","",0,"Sergipe","SE"
29,2020-03-22,"",NA,NA,NA,NA,"",49,"","",0,"Bahia","BA"
31,2020-03-22,"",NA,NA,NA,NA,"",83,"","",0,"Minas Gerais","MG"
32,2020-03-22,"",NA,NA,NA,NA,"",26,"","",0,"Espírito Santo","ES"
33,2020-03-22,"",NA,NA,NA,NA,"",186,"","",3,"Rio de Janeiro","RJ"
35,2020-03-22,"",NA,NA,NA,NA,"",631,"","",22,"São Paulo","SP"
41,2020-03-22,"",NA,NA,NA,NA,"",50,"","",0,"Paraná","PR"
42,2020-03-22,"",NA,NA,NA,NA,"",57,"","",0,"Santa Catarina","SC"
43,2020-03-22,"",NA,NA,NA,NA,"",72,"","",0,"Rio Grande do Sul","RS"
50,2020-03-22,"",NA,NA,NA,NA,"",21,"","",0,"Mato Grosso do Sul","MS"
51,2020-03-22,"",NA,NA,NA,NA,"",2,"","",0,"Mato Grosso","MT"
52,2020-03-22,"",NA,NA,NA,NA,"",21,"","",0,"Goiás","GO"
53,2020-03-22,"",NA,NA,NA,NA,"",117,"","",0,"Distrito Federal","DF"
11,2020-03-23,"",NA,NA,NA,NA,"",3,"","",0,"Rondônia","RO"
12,2020-03-23,"",NA,NA,NA,NA,"",11,"","",0,"Acre","AC"
13,2020-03-23,"",NA,NA,NA,NA,"",32,"","",0,"Amazonas","AM"
14,2020-03-23,"",NA,NA,NA,NA,"",2,"","",0,"Roraima","RR"
15,2020-03-23,"",NA,NA,NA,NA,"",5,"","",0,"Pará","PA"
16,2020-03-23,"",NA,NA,NA,NA,"",1,"","",0,"Amapá","AP"
17,2020-03-23,"",NA,NA,NA,NA,"",5,"","",0,"Tocantins","TO"
21,2020-03-23,"",NA,NA,NA,NA,"",2,"","",0,"Maranhão","MA"
22,2020-03-23,"",NA,NA,NA,NA,"",6,"","",0,"Piauí","PI"
23,2020-03-23,"",NA,NA,NA,NA,"",163,"","",0,"Ceará","CE"
24,2020-03-23,"",NA,NA,NA,NA,"",13,"","",0,"Rio Grande do Norte","RN"
25,2020-03-23,"",NA,NA,NA,NA,"",2,"","",0,"Paraíba","PB"
26,2020-03-23,"",NA,NA,NA,NA,"",42,"","",0,"Pernambuco","PE"
27,2020-03-23,"",NA,NA,NA,NA,"",7,"","",0,"Alagoas","AL"
28,2020-03-23,"",NA,NA,NA,NA,"",10,"","",0,"Sergipe","SE"
29,2020-03-23,"",NA,NA,NA,NA,"",63,"","",0,"Bahia","BA"
31,2020-03-23,"",NA,NA,NA,NA,"",128,"","",0,"Minas Gerais","MG"
32,2020-03-23,"",NA,NA,NA,NA,"",29,"","",0,"Espírito Santo","ES"
33,2020-03-23,"",NA,NA,NA,NA,"",233,"","",4,"Rio de Janeiro","RJ"
35,2020-03-23,"",NA,NA,NA,NA,"",745,"","",30,"São Paulo","SP"
41,2020-03-23,"",NA,NA,NA,NA,"",56,"","",0,"Paraná","PR"
42,2020-03-23,"",NA,NA,NA,NA,"",68,"","",0,"Santa Catarina","SC"
43,2020-03-23,"",NA,NA,NA,NA,"",86,"","",0,"Rio Grande do Sul","RS"
50,2020-03-23,"",NA,NA,NA,NA,"",21,"","",0,"Mato Grosso do Sul","MS"
51,2020-03-23,"",NA,NA,NA,NA,"",2,"","",0,"Mato Grosso","MT"
52,2020-03-23,"",NA,NA,NA,NA,"",23,"","",0,"Goiás","GO"
53,2020-03-23,"",NA,NA,NA,NA,"",133,"","",0,"Distrito Federal","DF"
11,2020-03-24,"",NA,NA,NA,NA,"",3,"","",0,"Rondônia","RO"
12,2020-03-24,"",NA,NA,NA,NA,"",17,"","",0,"Acre","AC"
13,2020-03-24,"",NA,NA,NA,NA,"",47,"","",0,"Amazonas","AM"
14,2020-03-24,"",NA,NA,NA,NA,"",2,"","",0,"Roraima","RR"
15,2020-03-24,"",NA,NA,NA,NA,"",5,"","",0,"Pará","PA"
16,2020-03-24,"",NA,NA,NA,NA,"",1,"","",0,"Amapá","AP"
17,2020-03-24,"",NA,NA,NA,NA,"",7,"","",0,"Tocantins","TO"
21,2020-03-24,"",NA,NA,NA,NA,"",8,"","",0,"Maranhão","MA"
22,2020-03-24,"",NA,NA,NA,NA,"",6,"","",0,"Piauí","PI"
23,2020-03-24,"",NA,NA,NA,NA,"",182,"","",0,"Ceará","CE"
24,2020-03-24,"",NA,NA,NA,NA,"",13,"","",0,"Rio Grande do Norte","RN"
25,2020-03-24,"",NA,NA,NA,NA,"",3,"","",0,"Paraíba","PB"
26,2020-03-24,"",NA,NA,NA,NA,"",42,"","",0,"Pernambuco","PE"
27,2020-03-24,"",NA,NA,NA,NA,"",7,"","",0,"Alagoas","AL"
28,2020-03-24,"",NA,NA,NA,NA,"",15,"","",0,"Sergipe","SE"
29,2020-03-24,"",NA,NA,NA,NA,"",76,"","",0,"Bahia","BA"
31,2020-03-24,"",NA,NA,NA,NA,"",130,"","",0,"Minas Gerais","MG"
32,2020-03-24,"",NA,NA,NA,NA,"",33,"","",0,"Espírito Santo","ES"
33,2020-03-24,"",NA,NA,NA,NA,"",305,"","",6,"Rio de Janeiro","RJ"
35,2020-03-24,"",NA,NA,NA,NA,"",810,"","",40,"São Paulo","SP"
41,2020-03-24,"",NA,NA,NA,NA,"",65,"","",0,"Paraná","PR"
42,2020-03-24,"",NA,NA,NA,NA,"",107,"","",0,"Santa Catarina","SC"
43,2020-03-24,"",NA,NA,NA,NA,"",98,"","",0,"Rio Grande do Sul","RS"
50,2020-03-24,"",NA,NA,NA,NA,"",23,"","",0,"Mato Grosso do Sul","MS"
51,2020-03-24,"",NA,NA,NA,NA,"",7,"","",0,"Mato Grosso","MT"
52,2020-03-24,"",NA,NA,NA,NA,"",27,"","",0,"Goiás","GO"
53,2020-03-24,"",NA,NA,NA,NA,"",160,"","",0,"Distrito Federal","DF"
11,2020-03-25,"",NA,NA,NA,NA,"",5,"","",0,"Rondônia","RO"
12,2020-03-25,"",NA,NA,NA,NA,"",23,"","",0,"Acre","AC"
13,2020-03-25,"",NA,NA,NA,NA,"",54,"","",1,"Amazonas","AM"
14,2020-03-25,"",NA,NA,NA,NA,"",8,"","",0,"Roraima","RR"
15,2020-03-25,"",NA,NA,NA,NA,"",7,"","",0,"Pará","PA"
16,2020-03-25,"",NA,NA,NA,NA,"",1,"","",0,"Amapá","AP"
17,2020-03-25,"",NA,NA,NA,NA,"",7,"","",0,"Tocantins","TO"
21,2020-03-25,"",NA,NA,NA,NA,"",8,"","",0,"Maranhão","MA"
22,2020-03-25,"",NA,NA,NA,NA,"",8,"","",0,"Piauí","PI"
23,2020-03-25,"",NA,NA,NA,NA,"",200,"","",0,"Ceará","CE"
24,2020-03-25,"",NA,NA,NA,NA,"",14,"","",0,"Rio Grande do Norte","RN"
25,2020-03-25,"",NA,NA,NA,NA,"",3,"","",0,"Paraíba","PB"
26,2020-03-25,"",NA,NA,NA,NA,"",46,"","",1,"Pernambuco","PE"
27,2020-03-25,"",NA,NA,NA,NA,"",11,"","",0,"Alagoas","AL"
28,2020-03-25,"",NA,NA,NA,NA,"",16,"","",0,"Sergipe","SE"
29,2020-03-25,"",NA,NA,NA,NA,"",84,"","",0,"Bahia","BA"
31,2020-03-25,"",NA,NA,NA,NA,"",133,"","",0,"Minas Gerais","MG"
32,2020-03-25,"",NA,NA,NA,NA,"",39,"","",0,"Espírito Santo","ES"
33,2020-03-25,"",NA,NA,NA,NA,"",370,"","",6,"Rio de Janeiro","RJ"
35,2020-03-25,"",NA,NA,NA,NA,"",862,"","",48,"São Paulo","SP"
41,2020-03-25,"",NA,NA,NA,NA,"",81,"","",0,"Paraná","PR"
42,2020-03-25,"",NA,NA,NA,NA,"",109,"","",0,"Santa Catarina","SC"
43,2020-03-25,"",NA,NA,NA,NA,"",123,"","",1,"Rio Grande do Sul","RS"
50,2020-03-25,"",NA,NA,NA,NA,"",24,"","",0,"Mato Grosso do Sul","MS"
51,2020-03-25,"",NA,NA,NA,NA,"",8,"","",0,"Mato Grosso","MT"
52,2020-03-25,"",NA,NA,NA,NA,"",29,"","",0,"Goiás","GO"
53,2020-03-25,"",NA,NA,NA,NA,"",160,"","",0,"Distrito Federal","DF"
12,2020-03-26,NA,NA,NA,NA,NA,NA,24,NA,NA,NA,"Acre","AC"
27,2020-03-26,NA,NA,NA,NA,NA,NA,11,NA,NA,NA,"Alagoas","AL"
16,2020-03-26,NA,NA,NA,NA,NA,NA,2,NA,NA,NA,"Amapá","AP"
13,2020-03-26,NA,NA,NA,NA,NA,NA,67,NA,NA,NA,"Amazonas","AM"
29,2020-03-26,NA,NA,NA,NA,NA,NA,104,NA,NA,NA,"Bahia","BA"
21,2020-03-26,NA,NA,NA,NA,NA,NA,10,NA,NA,NA,"Maranhão","MA"
53,2020-03-26,NA,NA,NA,NA,NA,NA,200,NA,NA,NA,"Distrito Federal","DF"
32,2020-03-26,NA,NA,NA,NA,NA,NA,39,NA,NA,NA,"Espírito Santo","ES"
23,2020-03-26,NA,NA,NA,NA,NA,NA,235,NA,NA,NA,"Ceará","CE"
52,2020-03-26,NA,NA,NA,NA,NA,NA,39,NA,NA,NA,"Goiás","GO"
51,2020-03-26,NA,NA,NA,NA,NA,NA,11,NA,NA,NA,"Mato Grosso","MT"
15,2020-03-26,NA,NA,NA,NA,NA,NA,13,NA,NA,NA,"Pará","PA"
31,2020-03-26,NA,NA,NA,NA,NA,NA,153,NA,NA,NA,"Minas Gerais","MG"
26,2020-03-26,NA,NA,NA,NA,NA,NA,48,NA,NA,NA,"Pernambuco","PE"
24,2020-03-26,NA,NA,NA,NA,NA,NA,19,NA,NA,NA,"Rio Grande do Norte","RN"
43,2020-03-26,NA,NA,NA,NA,NA,NA,168,NA,NA,NA,"Rio Grande do Sul","RS"
41,2020-03-26,NA,NA,NA,NA,NA,NA,102,NA,NA,NA,"Paraná","PR"
33,2020-03-26,NA,NA,NA,NA,NA,NA,421,NA,NA,NA,"Rio de Janeiro","RJ"
22,2020-03-26,NA,NA,NA,NA,NA,NA,9,NA,NA,NA,"Piauí","PI"
11,2020-03-25,NA,NA,NA,NA,NA,NA,5,NA,NA,NA,"Rondônia","RO"
14,2020-03-25,NA,NA,NA,NA,NA,NA,8,NA,NA,NA,"Roraima","RR"
50,2020-03-26,NA,NA,NA,NA,NA,NA,25,NA,NA,NA,"Mato Grosso do Sul","MS"
28,2020-03-25,NA,NA,NA,NA,NA,NA,16,NA,NA,NA,"Sergipe","SE"
35,2020-03-26,NA,NA,NA,NA,NA,NA,1052,NA,NA,NA,"São Paulo","SP"
25,2020-03-26,NA,NA,NA,NA,NA,NA,5,NA,NA,NA,"Paraíba","PB"
17,2020-03-26,NA,NA,NA,NA,NA,NA,7,NA,NA,NA,"Tocantins","TO"
42,2020-03-26,NA,NA,NA,NA,NA,NA,122,NA,NA,NA,"Santa Catarina","SC"
